,entity,number,gender
0,Fundacja Świętego Józefa Konferencji Episkopatu Polski,Sing,Fem
1,Amerykańska Akademia Pediatryczna,Sing,Fem
2,Fundacja Ulicy Piotrkowskiej,Sing,Fem
3,Polonia Warszawa,Sing,Fem
4,Brandon Wheat Kings,Sing,Masc
5,JHT Kalajoki,Sing,Masc
6,Fundacja na rzecz Kultury Żywej „Białe Gawrony”,Sing,Fem
7,Zofia Hajkowicz-Brodzikowska,Sing,Fem
8,Komitet Narodowy Amerykanów Polskiego Pochodzenia,Sing,
9,Regina Pats,Sing,Fem
10,HC Pustertal–Val Pusteria,Sing,Masc
11,AZS Kolegium Karkonoskie Jelenia Góra,Sing,Neut
12,Polskie Towarzystwo Pediatryczne,Sing,Neut
13,Krywbas Krzywy Róg,Sing,Masc
14,HK Dukla Trenczyn,Sing,Masc
15,Rapid City Rush,Sing,Masc
16,Fundacja Instytut Edukacji Ekonomicznej im.,Sing,Fem
17,Ludwiga von Misesa,Sing,Fem
18,Akcja Menstruacja,Sing,Fem
19,Resovia,Sing,Fem
20,ŠHK 37 Piešťany,Sing,Masc
21,Lauda,Sing,Fem
22,Dniprowśki Wowky Dniepropetrowsk,Sing,Masc
23,Espoo United,,
24,JKS Jarosław,Sing,Masc
25,Budiwelnyk Kijów,Sing,Masc
26,Miecze Hallerowskie,Plur,Fem
27,New York Neurological Society,Sing,Masc
28,IK Comet,Sing,Masc
29,Fundacja TVN,Sing,Fem
30,HK Spišská Nová Ves,Sing,Masc
31,Spójnia Stargard,Sing,Masc
32,Djurgårdens IF Dam,Sing,Masc
33,Tampereen Ilves,Sing,Masc
34,ERC Ingolstadt,Sing,Masc
35,Chicago Stags,Sing,Neut
36,Instytut Medyczny Howarda Hughesa,Sing,Masc
37,HC 07 Detva,Sing,Masc
38,Fundacja TRES,Sing,Fem
39,Peristeri BC,Sing,
40,Fundacja „Polsko-Niemieckie Pojednanie”,Sing,Fem
41,Arena Kijów,Sing,Masc
42,Jugra Chanty-Mansyjsk,Sing,Masc
43,Instytut Energetyki Odnawialnej,Sing,Masc
44,Fundacja Mozilla,Sing,Fem
45,Pensacola Ice Pilots,Sing,Fem
46,Hospicjum Onkologiczne Świętego Krzysztofa,Sing,Neut
47,Fundacja Rozwoju Matematyki Rekreacyjnej Sfinks,Sing,Fem
48,AZS PSW Biała Podlaska,Sing,Fem
49,Fundacja im.,Sing,
50,Friedricha Naumanna,Sing,Fem
51,Luleå HF,Sing,Masc
52,Young-Sprinters HC,Sing,Masc
53,Związek Walki Wyzwoleńczej,Sing,Masc
54,Asplöven HC,Sing,Masc
55,Fundacja Wolnej Myśli,Sing,
56,Spartak Moskwa,Sing,Masc
57,Polsko-Amerykańska Fundacja Edukacji i Rozwoju Ekonomicznego,Sing,Fem
58,Dynama Mińsk,Sing,Fem
59,HC Lev Praga,Sing,Masc
60,KS Open Basket Pleszew,Sing,Neut
61,Związek Młodzieży Polskiej „Grunwald”,Sing,Masc
62,Linköping HC,Sing,Masc
63,Obradoiro CAB,,
64,The Scripps Research Institute,Sing,Masc
65,KK Dubrovnik,Sing,Masc
66,MUKS Praga Warszawa,Sing,Masc
67,KS Toruń HSA,Sing,Masc
68,Polskie Towarzystwo Ortopedyczne i Traumatologiczne,Sing,Neut
69,AZS Koszalin,Sing,Masc
70,Adirondack Phantoms,Sing,Masc
71,Dinamo Ryga,Sing,Masc
72,1.,Sing,Masc
73,FFC Frankfurt,Sing,Masc
74,Skra Częstochowa,Sing,Fem
75,MKK Pyra Poznań,Sing,Masc
76,KSK Noteć Inowrocław,,
77,Pollingua,Sing,Fem
78,HK Sarow,Sing,Masc
79,CPOR Donieck,Sing,Masc
80,Varsovia Warszawa,Sing,Fem
81,Fundacja Ochrony Dziedzictwa Żydowskiego,Sing,Fem
82,Nashville Predators,Sing,Neut
83,Poltransplant,Sing,Masc
84,Concilium Civitas,,
85,Oulun Kärpät,Sing,Masc
86,Helsińska Fundacja Praw Człowieka,Sing,Fem
87,Fundacja Wsparcia Rolnika Polska Ziemia,Sing,Fem
88,Klub Polskich Nieudaczników,Sing,Masc
89,Skellefteå AIK,Sing,Masc
90,HK Riga 2000,Sing,Masc
91,Toronto Raptors,Sing,Neut
92,HK MWD Bałaszycha,Sing,Masc
93,Sault Ste.,Sing,Masc
94,Marie Greyhounds,Sing,Fem
95,Amerykańskie Towarzystwo Medyczne,Sing,Neut
96,Fundacja Dzieło Nowego Tysiąclecia,Sing,Neut
97,Tyresö FF,Sing,Masc
98,Drummondville Voltigeurs,Sing,Neut
99,Mietałłurg Żłobin,Sing,Masc
100,Instytut Bronisława Komorowskiego,Sing,Masc
101,Adler Mannheim,Sing,Masc
102,Ognisko Polskie w Londynie,Sing,Neut
103,TS ROW Rybnik,Sing,Masc
104,PBG Basket Poznań,Sing,Masc
105,RTP Unia Racibórz,Sing,
106,KKP Bydgoszcz,Sing,Fem
107,Opole HK,Sing,
108,Houston Rockets,Sing,Masc
109,Spartak Sumy,Sing,Masc
110,Fundacja Mam Marzenie,Sing,
111,GKS Tychy,Sing,Masc
112,Fundacja Pruskiego Dziedzictwa Kulturowego,Sing,Fem
113,ZSC Lions,Sing,Masc
114,Kyjiwśka Ruś Kijów,Sing,Fem
115,Churches Conservation Trust,Sing,Masc
116,Stjernen Hockey,Sing,Masc
117,Schwenninger Wild Wings,Sing,Masc
118,Kamloops Blazers,Sing,Neut
119,Legia Warszawa,Sing,Fem
120,Instytut Chemicznej Przeróbki Węgla,Sing,Masc
121,Kuznieckije Miedwiedi Nowokuźnieck,Sing,
122,Fundacja Liderzy Przemian,Sing,Fem
123,Stilon Gorzów Wielkopolski,Plur,Masc
124,Mad Dogs Sopot,Sing,Masc
125,HK Bardejov,Sing,Masc
126,Fundacja Przestrzeń Kobiet,Sing,Fem
127,PTK Pabianice,Sing,Masc
128,Podhale Nowy Targ,Sing,Masc
129,Centrum przeciwko Wypędzeniom,Sing,Neut
130,Virginia Squires,Plur,Neut
131,Stowarzyszenie Społeczno-Kulturalne Polaków na Litwie,Sing,Fem
132,HK Mariupol,Sing,Masc
133,Fundacja Auschwitz-Birkenau,Sing,Fem
134,International DOI Foundation,Sing,Masc
135,Worony Sumy,Plur,Fem
136,Guildford Flames,Sing,Neut
137,Niezależne Stowarzyszenie Psychiatryczne,Sing,Masc
138,Józef Dzięgielewski,Sing,Masc
139,KK Zabok,,
140,Bordeaux Gironde hockey sur glace,Sing,Masc
141,Stowarzyszenie Dziennikarzy Tel Awiwu,Sing,
142,Pittsburgh Pirates,Sing,Masc
143,BK Tarnopol,Sing,Masc
144,Howerła Iwano-Frankiwsk,Sing,Masc
145,Fundacja „Pomóż Im”,Sing,
146,Fundacja „Na ratunek dzieciom z chorobą nowotworową”,Sing,Fem
147,Goplania Inowrocław,Sing,Masc
148,Quebec Remparts,Sing,Neut
149,Lausitzer Füchse,Sing,Masc
150,Fribourg-Gottéron,Sing,Masc
151,Vienna Capitals,Sing,Fem
152,Partizan Belgrad,Sing,Masc
153,Komitet na rzecz Uwolnienia Kornela Morawieckiego,Sing,Masc
154,Fundacja Centrum Solidarności,Sing,Fem
155,Konfederacja Lewiatan,Sing,Fem
156,Fundacja Lanckorońskich z Brzezia,Sing,Fem
157,Akcja Wyborcza Polaków na Litwie – Związek Chrześcijańskich Rodzin,Sing,Fem
158,KK Partizan Belgrad,Sing,Masc
159,Sioux Falls Skyforce,Sing,Masc
160,Katarzynki Toruń,Sing,Masc
161,Art Stations Foundation,Sing,Masc
162,Düsseldorfer EG,Sing,Masc
163,EC Wilhelmshaven,Sing,Masc
164,Oklahoma City Barons,Sing,Fem
165,Fundacja Anny Dymnej „Mimo Wszystko”,Sing,Fem
166,Orzeł Polkowice,Sing,Masc
167,Adirondack Flames,Sing,Masc
168,CH Jaca,Sing,Masc
169,Piotr Gajewski,Sing,Masc
170,Santa Cruz Warriors,Sing,Masc
171,HC Innsbruck,Sing,Masc
172,Pogoń Prudnik,Sing,Masc
173,Los Angeles Clippers,Sing,Masc
174,Imatran Ketterä,Sing,Masc
175,Uniwersytet Dzieci,Sing,Masc
176,Dynamo Kijów,Plur,Masc
177,RSC Anderlecht,Sing,Masc
178,National Polish-American Sports Hall of Fame,Plur,Neut
179,Fundacja Alfreda Jurzykowskiego,Sing,Fem
180,Everett Silvertips,Sing,Masc
181,Örebro HK,Sing,Neut
182,Brøndby IF,Sing,Masc
183,Fenerbahçe SK,Sing,Neut
184,Józefa Lis-Błońska,Sing,Fem
185,SKK Siedlce,Sing,Masc
186,Pomorski Klub Hokejowy 2014,Plur,Masc
187,Instytut Romana Dmowskiego w Londynie,Sing,Masc
188,ASK Doral Nysa Kłodzko,Sing,Masc
189,Manitoba Moose,Sing,Masc
190,Dynamo Kijów,Plur,Masc
191,Albany River Rats,Sing,Masc
192,HC Vita Hästen,Sing,Masc
193,St.,Sing,Masc
194,John’s Fog Devils,Sing,Masc
195,Charlotte Hornets,Sing,Masc
196,Property and Environment Research Center,Plur,Masc
197,Portland Pirates,Sing,Neut
198,Ariada Wołżsk,Sing,Masc
199,EHC Olten,Sing,Masc
200,Ślęza Wrocław,Sing,Masc
201,SC Energija,Sing,Masc
202,KHL Mladost Zagrzeb,Sing,Masc
203,HC Hawierzów,Sing,Masc
204,Rauman Lukko,Sing,Masc
205,Washington State Cougars,Sing,Masc
206,MHK Dinamo Moskwa,Sing,Masc
207,HK Dukla Michalovce,Sing,Masc
208,Cmoki Mińsk,Sing,Masc
209,Czarni Lwów,Sing,Masc
210,BKS Bydgoszcz,,
211,Fundacja „Dbam o Zdrowie”,Sing,
212,Rockford IceHogs,Sing,Neut
213,Tęcza Leszno,Sing,Masc
214,Brda Bydgoszcz,Sing,Fem
215,Orlik Opole,Sing,Masc
216,KK Split,Sing,Masc
217,Sokił Kijów,Sing,Masc
218,Rungsted Seier Capital,Sing,Masc
219,AZS Zakopane,Sing,Neut
220,Hawajskie Koszule Żory,Plur,Fem
221,Washington Generals,Sing,Masc
222,Bronisław Wildstein,Sing,Masc
223,Fundacja Aktywnej Rehabilitacji,Sing,Fem
224,Fundacja Signum Magnum,Sing,Fem
225,SDJuSSzOR-Misto Charków,Plur,Masc
226,Fundacja Dziedzictwa Kulturowego,Sing,Fem
227,BK Mladá Boleslav,Sing,Masc
228,Laser HT,Sing,Masc
229,CSKA Kijów,Plur,Neut
230,Fundacja Galerii Foksal,Sing,Fem
231,BK Kijów,Sing,Masc
232,Żydowski Instytut Historyczny,Sing,Masc
233,MKKS Rybnik,Sing,Masc
234,Spartak Primorje,Sing,
235,Kyjiw-Basket Kijów,Plur,Masc
236,Stal Stalowa Wola,Sing,Fem
237,Los Angeles Sparks,Sing,Masc
238,Trabzonspor Basketbol Takımı,Sing,Masc
239,Sprawiedliwość i Wolność,Sing,Fem
240,Hartford Whalers,Sing,Neut
241,Salon 101,Sing,Masc
242,Jokerit,,
243,Reading Royals,Sing,Masc
244,Västerviks IK,Sing,Neut
245,Torpedo Ust-Kamienogorsk,Sing,Masc
246,Fundacja im.,Sing,
247,Róży Luksemburg,Sing,Fem
248,Ukraina Lwów,Sing,Masc
249,Toros Nieftiekamsk,Sing,Masc
250,Fundacja Dziecięce Marzenia,Sing,Fem
251,Projekt:,Sing,Masc
252,Polska,Sing,Fem
253,Instytut Nowych Mediów,Sing,Masc
254,Nauka i Praca,Sing,Fem
255,Fortuna Hjørring,Sing,Masc
256,Syracuse Crunch,Sing,Masc
257,Polski Klub Dyskusyjny,Sing,Masc
258,Zagłębie Sosnowiec,Sing,Neut
259,Vegas Golden Knights,Sing,Masc
260,Hockey Punks,Sing,Masc
261,Pogoń Lwów,Sing,Masc
262,Fundacja Zaginieni,Sing,Fem
263,Kajaanin Hokki,Sing,Masc
264,Lahden Reipas,Sing,Masc
265,Abbotsford Heat,Sing,Masc
266,Kulczyk Foundation,Sing,Masc
267,Seattle SuperSonics,Sing,Masc
268,Komitet Katyński,Sing,Masc
269,Kitchener Rangers,Sing,Masc
270,Arizona Coyotes,Sing,Masc
271,Stefan Szwedowski,Sing,Masc
272,HC Dukla Jihlava,Sing,Masc
273,Trefl Sopot,Sing,Masc
274,Santos FC Feminino,Sing,Masc
275,Frankiwsk Iwano-Frankiwsk,Sing,Masc
276,Narodowa Fundacja Ochrony Środowiska,Sing,Fem
277,Naczelna Izba Lekarska,Sing,Fem
278,Fundacja Uniwersytetu w Białymstoku,Sing,Fem
279,Unia Stowarzyszeń i Organizacji Polskich w Ameryce Łacińskiej,Sing,Fem
280,Payne Fund,Sing,Masc
281,Kołos Połtawa,Sing,Masc
282,Lista ukraińskich klubów koszykarskich,Sing,Masc
283,Fundacja Rozwoju Społeczeństwa Informacyjnego,Sing,Fem
284,HB Køge,,
285,HC Sierre,Sing,Masc
286,HC Prešov Penguins,Sing,Masc
287,Fundacja im.,Sing,
288,Michała Oczapowskiego,Sing,Fem
289,Klub Sceptyków Polskich,Sing,Masc
290,Tirana AS,Sing,Fem
291,Fundacja Gajusz,Sing,Masc
292,HK Skalica,Sing,Masc
293,KS Lublinianka,Sing,Masc
294,Detroit Pistons,Sing,Neut
295,BSC Berlin,Sing,Masc
296,HK Zemgale,Sing,Masc
297,Sherbrooke Phoenix,Sing,Masc
298,Komitet Obrony Narodowej,Sing,Masc
299,Binokor Taszkent,Sing,Masc
300,Heilbronner Falken,Sing,Masc
301,Komitet Obrony Sprawiedliwości,Sing,Fem
302,D Team,Sing,
303,Fundacja Instytut na rzecz Państwa Prawa,Sing,Fem
304,Toledo Storm,Plur,Fem
305,Helios Suns,Sing,Masc
306,St.,Sing,Masc
307,John’s IceCaps,Sing,Masc
308,Adam Smith Institute,Sing,Masc
309,Royal Excelsior SC,Sing,Masc
310,Glinik Gorlice,Sing,Masc
311,Fundacja Bezpieczna Cyberprzestrzeń,Sing,Fem
312,Antyfaszystowska Organizacja Bojowa,Sing,Fem
313,Instytut Spraw Publicznych,Sing,Masc
314,Portland Winterhawks,Sing,Neut
315,Fundacja Redemptoris Missio,Sing,Fem
316,Włodzimierz Krzyżosiak,Sing,Masc
317,Komitet Medalu Katyńskiego,Sing,Masc
318,Polskie Towarzystwo Anatomiczne,Sing,Neut
319,The Wake Forest Institute for Regenerative Medicine,Sing,Masc
320,Fenerbahçe Ülker,Sing,Masc
321,UKS Niedźwiadki MOSiR Sanok,Sing,Masc
322,Utah Grizzlies,Sing,Masc
323,Český klub skeptiků Sisyfos,Sing,Masc
324,UKS GIMBASKET Wrocław,Sing,Masc
325,Nowojorski Komitet Wyborczy Solidarności,Sing,Masc
326,Stal Rzeszów,Sing,Fem
327,Florida Panthers,Plur,Fem
328,Tampa Bay Lightning,Sing,Masc
329,Towarzystwo imienia Romana Dmowskiego,Sing,Neut
330,HK Dynama Mołodeczno,Sing,Masc
331,Stowarzyszenie na Rzecz Rozwoju Społeczeństwa Obywatelskiego Pro Humanum,Sing,Masc
332,Polsko-Amerykańska Fundacja Wolności,Sing,Fem
333,SG Cortina,Sing,Masc
334,HK Lipieck,Sing,Masc
335,Eisbären Berlin,Sing,Masc
336,Biełyje Miedwiedi Czelabińsk,Sing,
337,Kotwica Kołobrzeg,Sing,Masc
338,Unia Oświęcim,Sing,Fem
339,Edmonton Oilers,Sing,Masc
340,Nottingham Panthers,Sing,
341,Polskie Towarzystwo Chorób Płuc,Sing,Neut
342,Federacja Organizacji Polskich na Ukrainie,Sing,Fem
343,HDD Jesenice,Sing,Fem
344,HK Ogre,Sing,Masc
345,Biłyj Bars Biała Cerkiew,Sing,Fem
346,CB Breogán,,
347,Solidarność Wolnych Polaków w Bawarii,Sing,Fem
348,Pantery Humań,Sing,Masc
349,Stal Makiejewka,Sing,Fem
350,Astronomische Gesellschaft,Sing,Masc
351,Związek Polaków na Łotwie,Sing,Fem
352,INPRIS,Sing,Masc
353,Równe Szanse,Sing,Masc
354,Instytut Józefa Piłsudskiego w Ameryce,Sing,Masc
355,Fundacja Ja Wisła,Sing,Fem
356,MHK Spartak Moskwa,Sing,Masc
357,Polskie Towarzystwo Nefrologiczne,Sing,Neut
358,Buran Woroneż,Sing,Masc
359,Stella Gniezno,Sing,Masc
360,Międzynarodowy Wolontariat Don Bosco,Sing,Masc
361,Kooveen jääkiekko,Sing,Masc
362,Jednist'-SzWSM Płysky,Sing,Masc
363,Pittsburgh Penguins,Sing,Masc
364,Forssan Palloseura,Sing,Masc
365,HK Astana,Sing,Masc
366,Chimik Woskriesiensk,Sing,Masc
367,Okęcie Warszawa,Plur,
368,Jużnyj Urał Orsk,Sing,Masc
369,Medicine Hat Tigers,Sing,Masc
370,HC Ambrì-Piotta,Sing,Masc
371,HYS The Hague,Sing,Masc
372,Gwardia Wrocław,Sing,Fem
373,Awto Jekaterynburg,Sing,Masc
374,Polskie Towarzystwo Andrologiczne,Sing,Neut
375,Fundacja Komunikacji Społecznej,Sing,Fem
376,Lokomotiw Kubań,Plur,Neut
377,HC Energie Karlowe Wary,Sing,Masc
378,Fundacja Nadzieja,Sing,Fem
379,Organizacja Studentów Polskich w Nowym Jorku,Sing,Fem
380,EHC Lustenau,Sing,Masc
381,Festiwal Filmowy Watch Docs,Sing,Masc
382,VEU Feldkirch,Sing,Masc
383,Waterloo Hawks,Sing,Masc
384,Pałac Bursztynowy we Włocławku,Sing,Masc
385,Milwaukee Admirals,,
386,Sparta Kijów,Sing,Masc
387,Polskie Towarzystwo Fizyki Medycznej,Sing,Fem
388,Zjednoczenie Zawodowe Polskie,Sing,Neut
389,Polskie Towarzystwo Chirurgów Dziecięcych,Sing,Neut
390,New York Knicks,Sing,Masc
391,Program Study Tours to Poland,Sing,
392,ŽNK Pomurje,Sing,
393,Valencia CF Femenino,Sing,Masc
394,Bank Żywności SOS w Warszawie,Sing,Fem
395,Heritage Lottery Fund,Sing,Masc
396,Kiedr Nowouralsk,Sing,Masc
397,Sarmaty Orenburg,Sing,Masc
398,Związek Narodowy Polski,Sing,Masc
399,Omskije Jastrieby,Plur,Fem
400,Atlanta Hawks,Sing,Fem
401,Fundacja Malta,Sing,Fem
402,Związek Śląskich Katolików,Sing,Masc
403,Fundacja Itaka,Sing,Fem
404,Toronto Huskies,Sing,Masc
405,Gorniak Rudnyj,Sing,Masc
406,Bill &,Sing,Masc
407,Melinda Gates Foundation,Sing,Masc
408,HC Red Ice,Sing,Masc
409,Państwowy Instytut Telekomunikacyjny,Sing,Masc
410,Rødovre Mighty Bulls,Sing,Masc
411,Lemur Conservation Foundation,Sing,Masc
412,Amerykańskie Towarzystwo Psychiatryczne,Sing,Neut
413,Polska Ludowa Akcja Niepodległościowa,Sing,Fem
414,Fundacja „Pomoc Polakom na Wschodzie”,Sing,Masc
415,Fundacja Rodzin Górniczych,Sing,Fem
416,Niagara IceDogs,,
417,Górnik 09 Mysłowice,Sing,Masc
418,Donbas Donieck,Sing,Masc
419,Fundacja Ochrony Twórczości Audiowizualnej,Sing,Fem
420,CSA Steaua Bukareszt,Sing,Fem
421,Gustaw Herling-Grudziński,Sing,Masc
422,Stowarzyszenie Oliwskie Słoneczko,Sing,Masc
423,Humo Taszkent,,
424,Fundacja Azylu pod Psim Aniołem,Sing,Masc
425,Arsenał Charków,Sing,Masc
426,Fundacja EquiLibre,Sing,Fem
427,Seattle Thunderbirds,Sing,Masc
428,Grasshopper Club Zürich,Sing,Masc
429,Fundacja Senior w Koronie,Sing,Fem
430,Międzynarodowy Instytut Społeczeństwa Obywatelskiego,Sing,Masc
431,Stabæk Fotball Kvinner,Sing,Masc
432,Polskie Towarzystwo Psychologiczne,Sing,Neut
433,Rayo Vallecano Femenino,Sing,Masc
434,Fischtown Pinguins Bremerhaven,Sing,Masc
435,Elektro Łaziska Górne,Sing,Masc
436,Fundacja dla Polski,Sing,Fem
437,Polskie Towarzystwo Okulistyczne,Sing,Neut
438,Bristol City W.F.C.,Sing,Masc
439,Cleveland Rockers,Sing,Neut
440,ETC Crimmitschau,Sing,Masc
441,PTH Poznań,Sing,Masc
442,Budiwelnyk Kijów,Sing,Masc
443,UCLA Bruins,Plur,Neut
444,Tampereen Pyrintö,Sing,Masc
445,Klub Ogniwo,,
446,Obóz Młodzieżowy w Yorkville,Sing,Masc
447,DHK Latgale,Sing,Masc
448,Tur Bielsk Podlaski,Sing,Masc
449,Saskatoon Blades,Sing,Masc
450,Polski Legion Weteranów Amerykańskich,Sing,Masc
451,Las Vegas Aces,Sing,Masc
452,AZS Poznań,Sing,
453,Prykarpattia-DJuSSz-3 Iwano-Frankiwsk,Sing,
454,Fundacja im.,Sing,
455,Heinricha Bölla,Sing,Fem
456,Spartak Petersburg,Sing,Masc
457,Helsingin Jääkiekkoklubi,Sing,Masc
458,Znicz Pruszków,Sing,
459,Fundacja Rozwoju Systemu Edukacji,Sing,Fem
460,Mamonty Jugry Chanty-Mansyjsk,Sing,Masc
461,Fundacja Festina Lente,Sing,Fem
462,Kootenay Ice,Plur,Masc
463,Błękitni Kielce,Sing,Masc
464,BK NH Ostrava,Sing,Masc
465,Polski Instytut Naukowy w Ameryce,Sing,Masc
466,Kassel Huskies,Sing,Masc
467,Fundacja Hospicyjna,Sing,Fem
468,Fundacja Rozwoju Kardiochirurgii im.,Sing,Fem
469,prof.,Sing,Masc
470,Zbigniewa Religi,Plur,Neut
471,Pogoń Ruda Śląska,Sing,Masc
472,Fundacja Animacja,Sing,Fem
473,Fundacja Kultury i Dziedzictwa Ormian Polskich,Sing,Fem
474,Wybrzeże Gdańsk,Sing,Masc
475,Hamilton Bulldogs,Sing,Masc
476,Viola Reggio Calabria,Sing,Fem
477,Sławuticz Smoleńsk,Sing,
478,SzWSM-Izmajłowo Moskwa,Sing,
479,Dijon Hockey Club,Sing,Fem
480,SC Langenthal,Sing,Masc
481,Mayo Clinic,Sing,Neut
482,Delaware Blue Coats,Sing,Masc
483,Miami Sol,Sing,Masc
484,Björninn,Sing,Masc
485,Manchester City W.F.C.,Sing,Masc
486,Unia Opole,Sing,
487,Polski Instytut Ekonomiczny,Sing,Masc
488,Portland Trail Blazers,Sing,Masc
489,Ogólnopolska Fundacja Edukacji Komputerowej,Sing,Fem
490,Cohabitat,Sing,Masc
491,Utex ROW Rybnik,Sing,Masc
492,Towarzystwo Lekarskie Warszawskie,Sing,Neut
493,Open Society Foundations,Sing,Masc
494,Władysław Gęborek,Sing,Masc
495,Polacy w Rosji,Plur,Masc
496,Fundacja Dzieciom „Zdążyć z Pomocą”,,
497,SKA Sankt Petersburg,Sing,
498,Anadolu Efes Stambuł,Sing,Masc
499,PSG Zlín,Sing,Masc
500,Norfolk Admirals,Sing,Masc
501,Dziki Warszawa,Plur,Masc
502,Cincinnati Cyclones,Sing,Masc
503,Włókniarz Zgierz,Sing,Masc
504,Dom Spotkań z Historią,Sing,Masc
505,EHC Kloten,Sing,Masc
506,BK Dnipro,Sing,Neut
507,Karol Kryński,Sing,Masc
508,Chemik Kędzierzyn-Koźle,Sing,Masc
509,Olimpia Mediolan,Sing,Fem
510,Fundacja Hirschfeld-Eddy,Sing,Fem
511,Real Madryt,Sing,Fem
512,Fundacja Nasza Ziemia,Sing,Fem
513,MUKS Tomaszów Mazowiecki,Sing,Masc
514,AZS Politechnika Warszawska,Sing,Fem
515,Belleville Bulls,Sing,Masc
516,HC Lugano,Sing,Masc
517,MUKS 1811 Tarnów,Plur,Masc
518,Centrum Kultury Polskiej,Sing,Neut
519,Utica Comets,Sing,Masc
520,HK Beostar Belgrad,Sing,Masc
521,Maciej Aleksy Dawidowski,Sing,Masc
522,Liga Praw Człowieka,Sing,Fem
523,Fort Wayne Mad Ants,Sing,Masc
524,MHk 32 Liptovský Mikuláš,Sing,Masc
525,ESV Kaufbeuren,Sing,Masc
526,Fundacja Gloria Victis,Sing,Fem
527,Jużanka Chersoń,Sing,Masc
528,Instytut Łączności,Sing,Masc
529,Milicja Ludowa Robotniczej Partii Polskich Socjalistów,Sing,Fem
530,Astoria Bydgoszcz,Sing,Fem
531,Prometeusze,Sing,Masc
532,Stowarzyszenie Polaków Kiejdan,Sing,Masc
533,Fundacja Aletheia,Sing,Fem
534,Halifax Mooseheads,Sing,Masc
535,HK Homel,Sing,Masc
536,Fundacja Nowoczesna Polska,Sing,Fem
537,Montreal Wanderers,Sing,Neut
538,HK Rīga,Sing,Masc
539,IF Björklöven,Sing,Masc
540,Trefl Sopot,Sing,Masc
541,APLG Gdańsk,Sing,Masc
542,Frederikshavn White Hawks,Sing,Masc
543,Saginaw Spirit,Sing,Masc
544,Nieftiechimik Niżniekamsk,Sing,Masc
545,Fundacja Bankowa im.,Sing,Fem
546,Leopolda Kronenberga,Sing,Fem
547,Adirondack Red Wings,Sing,Masc
548,Polonia Bydgoszcz,Sing,Fem
549,FC Dajti,Sing,
550,Olympique Lyon,Sing,Masc
551,Fundacja Onkologiczna Dum Spiro-Spero,Sing,Fem
552,Fundacja Rockefellera,Sing,Fem
553,Instytut Romana Dmowskiego w Nowym Jorku,Sing,Masc
554,Fundacja Aleksandra Kwaśniewskiego „Amicus Europae”,Sing,Fem
555,Atłant Mytiszczi,Sing,
556,Komisja Historii Kobiet w Walce o Niepodległość,Sing,Fem
557,MBK Mariupol,Sing,Masc
558,Ottawa Senators,Plur,Neut
559,Cardiff Devils,Sing,Masc
560,Philadelphia Phantoms,Sing,Fem
561,KoLiber,Sing,Masc
562,EV Füssen,Sing,Masc
563,Start Katowice,Sing,Masc
564,EHC Linz,Sing,Masc
565,Nokian Pyry,Sing,Masc
566,New York Americans,Sing,Masc
567,Polski Czerwony Krzyż,Sing,Masc
568,Rodyna-Licej Kostopol,Sing,Fem
569,ČEZ Basketball Nymburk,Sing,Masc
570,FK Lwiw-Jantaroczka,Sing,Masc
571,Instytut Budownictwa,Sing,Masc
572,HK Kieramin Mińsk,Sing,Masc
573,Servette FC Chênois Féminin,Sing,Masc
574,Save the Children,Sing,Masc
575,Zwiezda-2005 Perm,Sing,Masc
576,Titan Klin,Sing,Masc
577,Wichita Thunder,Sing,Masc
578,Wspólnota Rodzimowierców „Watra”,Sing,Masc
579,Fundacja „Okularnicy”,Sing,Fem
580,im.,Plur,Masc
581,Agnieszki Osieckiej,Sing,Fem
582,Studium Spraw Polskich w Wielkiej Brytanii,Sing,Masc
583,Bank BPS Basket Kwidzyn,Sing,Masc
584,HK Trnava,Sing,Masc
585,Gol Częstochowa,Sing,Masc
586,CG Puigcerdà,Sing,Masc
587,HC La Chaux-de-Fonds,Sing,Masc
588,Image Club d'Épinal,Sing,Masc
589,Fundacja Nowe Media,Sing,Fem
590,RU-38,Plur,Masc
591,Fundacja Zabytki Polskiego Nieba,Sing,Fem
592,HK Szynnik Bobrujsk,Sing,Masc
593,Gorniak Uczały,Sing,Masc
594,Columbus Blue Jackets,Sing,Masc
595,Wikimedia Polska,Sing,Fem
596,Boston Psychoanalytic Society and Institute,Sing,Masc
597,Zauralje Kurgan,Sing,Masc
598,Ferencvárosi TC,Sing,
599,Interros Moskwa,Sing,Masc
600,Wisła Kraków,Sing,Fem
601,Komitet Obrony Demokracji,Sing,Masc
602,UKS Basket Aleksandrów Łódzki,Sing,Masc
603,Viking Gdynia,Sing,Masc
604,Minnesota Lynx,Sing,Masc
605,Polskie Towarzystwo Neurochirurgów,Sing,Neut
606,Dunaújvárosi Acélbikák,Sing,
607,Porozumienie Zielonogórskie,Sing,Neut
608,Sparta Praga,Sing,Fem
609,Chicago Wolves,Sing,Neut
610,Malmö Redhawks,Sing,Masc
611,Fundacja Szerokie Wody,Plur,Fem
612,Roman Aftanazy,Sing,Masc
613,American National Standards Institute,Sing,Masc
614,Glasgow Clan,Sing,Masc
615,Linköpings FC,Sing,Neut
616,FC Barcelona,Sing,Masc
617,Belfast Giants,Sing,Neut
618,Maccabi Aszdod,Sing,Masc
619,Fundacja im.,Sing,
620,Brata Alberta,Sing,Fem
621,FCR 2001 Duisburg,Sing,Masc
622,AZS UMK Toruń,Sing,
623,Hamburg Freezers,Sing,Masc
624,Pogoń Siedlce,Sing,
625,IK Oskarshamn,Sing,Masc
626,Żydowska Organizacja Bojowa,Sing,Fem
627,GKS Katowice,Sing,Fem
628,Djurgårdens IF,Sing,Masc
629,Rolnik Biedrzychowice,Sing,Masc
630,Edmund Chodyński,Sing,Masc
631,Polska Fundacja Przedsiębiorczości,Sing,Fem
632,Fundacja Duży Format,Sing,
633,Fundacja im.,Sing,
634,Kazimierza Wielkiego,,
635,Instytut Wschodni „Reduta”,Sing,Masc
636,Fundacja Rodziny Józefa Piłsudskiego,Sing,Masc
637,D-Kiekko,,
638,KKS Zabrze,,
639,Pokucie Kołomyja,Sing,Masc
640,Maine Celtics,Sing,Masc
641,Foundation for Economic Education,Sing,Masc
642,KKS Kolejarz Gliwice,Sing,Masc
643,Lehigh Valley Phantoms,Sing,Masc
644,Unione Sindacale Italiana,Sing,Masc
645,Związek Polaków „Zgoda”,Sing,Masc
646,Znicz Jarosław,Sing,Masc
647,Mistrzostwa Polski w piłce nożnej kobiet,Plur,Neut
648,Zjednoczeni Września,Plur,Neut
649,Liberty International,Sing,Masc
650,Łódzkie Chrześcijańskie Towarzystwo Dobroczynności,Sing,Neut
651,Maroussi BC,Sing,Masc
652,HC Csíkszereda,Sing,Masc
653,Madrid CFF,Plur,Fem
654,Hapoel Safed,Sing,Masc
655,Łewy Lwów,Plur,Masc
656,TuTo Hockey,,
657,Związek Polaków w Prusach Wschodnich,Sing,Masc
658,Krajowe Centrum Roślinnych Zasobów Genowych,Sing,Neut
659,EHC Red Bull Monachium,Sing,Masc
660,KeuPa HT,Sing,Masc
661,Fundacja Ecobaltic,Sing,Fem
662,Instytut Badania Współczesnych Problemów Kapitalizmu,Sing,Masc
663,Amurskije Tigry Chabarowsk,Sing,Masc
664,Iisalmen Peli-Karhut,Sing,Masc
665,Dinamo Bałaszycha,Sing,Masc
666,Big Brothers Big Sisters,Sing,Masc
667,Obywatele RP,Sing,Fem
668,Peoria Rivermen,Sing,Masc
669,Baloncesto Fuenlabrada,Sing,Masc
670,KKS Drogbruk Kalisz,Sing,Masc
671,Wielka Orkiestra Świątecznej Pomocy,Sing,Fem
672,Christian-Schad-Stiftung Aschaffenburg,Sing,Masc
673,Tappara Tampere,Sing,Masc
674,OpenStreetMap Foundation,Sing,Masc
675,Socjalistyczna Organizacja Bojowa,Sing,Fem
676,Bàsquet Manresa,Sing,Masc
677,Chimik Jużne,Sing,Masc
678,Sparta Złotów,Sing,Masc
679,Traktor Czelabińsk,Sing,Masc
680,Lewiston MAINEiacs,Sing,Masc
681,Orlando Solar Bears,Sing,Masc
682,SMS PZKosz Łomianki,Sing,Masc
683,Polskie Towarzystwo Terapeutyczne,Sing,Neut
684,Astoria Bydgoszcz,Sing,Fem
685,Miami Floridians,Sing,Masc
686,Instytut Allerhanda,Sing,Masc
687,Stowarzyszenie Memoriał,Sing,Masc
688,CSKA Sofia,Sing,Fem
689,Polish Yachting Association of North America,Sing,Masc
690,Mountfield Hradec Králové,Sing,Masc
691,Quad City Mallards,Sing,Masc
692,TKS Toruń,Sing,
693,Adirondack Frostbite,Sing,Masc
694,Colorado Eagles,Sing,Neut
695,Chicago Bulls,Sing,Neut
696,Brookings Institution,Plur,Masc
697,Jerzy Wojciech Borejsza,Sing,Masc
698,KTH Krynica,Sing,Masc
699,R.C.,Sing,Neut
700,Mechelen,Sing,Masc
701,HK Szachcior Soligorsk,Sing,Masc
702,Grand Rapids Griffins,Sing,Neut
703,Fundacja „Golgota Wschodu”,Sing,Fem
704,Instytut Metalurgii i Inżynierii Materiałowej im.,Sing,Masc
705,Aleksandra Krupkowskiego Polskiej Akademii Nauk,Sing,Fem
706,Tarpan Poznań,Sing,Masc
707,Milwaukee Bucks,Sing,Neut
708,Michigan Wolverines,Sing,Masc
709,Mietałłurg Nowokuźnieck,Sing,Masc
710,Fundacja Wspierania Kultury Magna Res,Sing,Fem
711,Fundacja Editions Spotkania,Sing,Fem
712,Libertas Livorno,,
713,Fundacja Inicjatyw Menedżerskich,Plur,Fem
714,Pogoń Prudnik,Sing,Masc
715,EC Bregenzerwald,Sing,Masc
716,Western Eagles FC,Sing,Masc
717,SL Benfica,Sing,Fem
718,Tołpar Ufa,Sing,Masc
719,Vancouver Giants,Sing,Masc
720,Maccabi Nazaret YMCA,Sing,
721,Włodzimierz Miszewski,Sing,Masc
722,TS Mitech Żywiec,Sing,Masc
723,Żytomierski Obwodowy Związek Polaków na Ukrainie,Sing,Fem
724,American Society for Cell Biology,Sing,Masc
725,Łokomotiw Orsza,Sing,Masc
726,Riazań-WDW Riazań,Plur,Neut
727,Baie-Comeau Drakkar,Sing,Neut
728,Fundacja Wspomagania Wsi,Sing,Fem
729,Minnesota North Stars,Sing,Masc
730,Forum Energii,Sing,Neut
731,Fundacja Rozwoju Demokracji Lokalnej im.,Sing,Fem
732,Jerzego Regulskiego,Sing,Masc
733,HK Krzemieńczuk,Sing,Masc
734,Polna Przemyśl,Sing,Fem
735,Pittsburgh Pipers,Sing,Masc
736,Cibona Zagrzeb,Sing,Masc
737,Polskie Towarzystwo Nadciśnienia Tętniczego,Sing,Neut
738,Robotnicza Partia Polskich Socjalistów,Sing,Fem
739,EHC Basel,Sing,Masc
740,Jan Węglarz,Sing,Masc
741,Cleveland Charge,Sing,Masc
742,Bayern Monachium,Sing,Masc
743,AZS Politechnika Radomska,Sing,Fem
744,KK Zadar,Sing,Masc
745,Fundacja Panoptykon,Sing,Fem
746,Polskie Towarzystwo Onkologiczne,Sing,Neut
747,Springfield Falcons,Sing,Neut
748,BK JIP Pardubice,Sing,Masc
749,Donneczanka-CPOR Donieck,Sing,Fem
750,California Golden Seals,Plur,Neut
751,Sibir Nowosybirsk,Sing,Masc
752,Fundacja na rzecz Polskiej Młodzieży im.,Sing,
753,Ludwika Rajchmana,Sing,Fem
754,Polski Ośrodek Katolicki w Leamington Spa,Sing,Masc
755,ASVEL Lyon-Villeurbanne,Sing,Masc
756,Storhamar Dragons,Sing,Masc
757,Jan Bytnar,Sing,Masc
758,Centrum Praw Kobiet,Sing,Neut
759,EC VSV,,
760,Politechnik Kijów,Sing,Masc
761,Fundacja Katarynka,Sing,Fem
762,Ruderman Family Foundation,Sing,Masc
763,Richard Dawkins Foundation for Reason and Science,Sing,Masc
764,ŽNK Krka,Sing,Masc
765,Zagłębie Sosnowiec,Sing,Neut
766,Victoriaville Tigres,Sing,Masc
767,Warszawska Kasa Przezorności i Pomocy dla Literatów i Dziennikarzy,Sing,Fem
768,San Sebastián Gipuzkoa BC,Sing,Masc
769,Związek Polaków w Czechosłowacji,Sing,Masc
770,Umeå IK,Sing,Masc
771,Boston Celtics,Sing,Masc
772,Jan Kąkolewski,Sing,Masc
773,Starbulls Rosenheim,Sing,Neut
774,Stal Sanok,Sing,Masc
775,Ottawa 67's,,
776,Północno-Amerykańskie Studium Spraw Polskich,Sing,Masc
777,Cleveland Monsters,Sing,Neut
778,Vėtra Wilno,Sing,Masc
779,HK Tambow,Sing,Masc
780,Russkije Witiazi Czechow,Sing,Masc
781,STS Sanok,Sing,Masc
782,Fundacja Civis Polonus,Sing,Fem
783,Walter Rzeszów,Sing,Masc
784,ATEK Kijów,Sing,Masc
785,Społeczność Akademicka Uniwersytetu Stefana Batorego,Sing,Fem
786,Diskos Jyväskylä,Sing,Masc
787,Trans-Fuzja,Sing,Fem
788,Stanisław Mackiewicz,Sing,Masc
789,Rimouski Océanic,Sing,Masc
790,The SING Campaign,Sing,Masc
791,Oklahoma City Thunder,Sing,Fem
792,Instytut Spraw Zagranicznych,Sing,Masc
793,Rovaniemen Kiekko,Sing,Masc
794,HCP Poznań,Sing,Masc
795,EC KAC,,
796,Quebec Nordiques,Sing,Neut
797,HK Mohylew,Sing,Masc
798,FCU Olimpia Cluj,Sing,Masc
799,EC Bad Nauheim,,
800,Polska Fundacja im.,Sing,
801,Roberta Schumana,Sing,Masc
802,Stowarzyszenie KS Spójnia Stargard,Sing,
803,Polska Fundacja dla Afryki,Sing,Fem
804,Krywbas Krzywy Róg,Sing,Masc
805,HK Ałmaty,Sing,Masc
806,St.,Sing,Masc
807,Louis Eagles,Sing,Masc
808,Poznaniak Poznań,Sing,Masc
809,Hrafit Zaporoże,,
810,Związek Polaków na Białorusi,Sing,Fem
811,Mołot-Prikamje Perm,Sing,Masc
812,Nieftianik Almietjewsk,Sing,Masc
813,Rekord Bielsko-Biała,Sing,Masc
814,Calgary Hitmen,Sing,Masc
815,MsHK Žilina,Sing,Masc
816,Lakeland Magic,Plur,Neut
817,Barrie Colts,Sing,Masc
818,SC Bern,Sing,Masc
819,Atlanta Thrashers,Sing,Fem
820,Ekspres Lwów,Sing,Masc
821,Stowarzyszenie Polskich Kombatantów w Stanach Zjednoczonych,Sing,Masc
822,Nieftianik Leninogorsk,Sing,Masc
823,Fundacja Archeologia Fotografii,Sing,Fem
824,HC Keski-Uusimaa,Sing,Masc
825,Global.Lab,,
826,Saimaan Pallo,Sing,Masc
827,Warszawianka,Sing,Fem
828,Iżstal Iżewsk,Sing,Masc
829,Växjö Lakers,Sing,Masc
830,Fundacja Truckers Life,Sing,Fem
831,Frölunda HC,Sing,Masc
832,Siewierstal Czerepowiec,Sing,Masc
833,Polskie Centrum Pomocy Międzynarodowej,Sing,Neut
834,Kalamazoo Wings,Sing,Masc
835,Fundacja imienia Hansa Böcklera,Sing,Fem
836,Gentofte Stars,Sing,Neut
837,Manchester Monarchs,Sing,Masc
838,Stal Ostrów Wielkopolski,Sing,Fem
839,Fundacja Książąt Lubomirskich,Sing,Fem
840,Fundacja Ekologia i Sztuka,Sing,Fem
841,Witold Skrabalak,Sing,Masc
842,Ubuntu Foundation,Sing,Masc
843,Hartford Wolf Pack,Sing,Masc
844,Gwardia Warszawa,Sing,Fem
845,Bogusław Nizieński,Sing,Masc
846,Kubań Krasnodar,Sing,Masc
847,KHK Crvena zvezda,Sing,
848,Fundacja św.,Sing,Fem
849,Włodzimierza Chrzciciela Rusi Kijowskiej,,
850,Lempäälän Kisa,Sing,Masc
851,Kułagier Pietropawłowsk,Sing,Masc
852,Peterborough Petes,Sing,Masc
853,Ogólnopolski Związek Zawodowy Lekarzy,Sing,Masc
854,Paris Saint-Germain F.C.,Sing,Masc
855,Gryf Toruń,Sing,Masc
856,Zjednoczenie Polskie Rzymsko-Katolickie w Ameryce,Sing,Neut
857,Zbigniew Mitzner,Sing,Masc
858,Moskitos Essen,Sing,Masc
859,Blainville-Boisbriand Armada,Sing,Masc
860,Polski Związek Kulturalno-Oświatowy,Sing,Fem
861,Saławat Jułajew Ufa,Sing,Masc
862,Fundacja Fotografia dla Przyszłości,Sing,Fem
863,Fundacja Kapucyńska im.,Sing,
864,bł.,Sing,Masc
865,Aniceta Koplińskiego,Sing,Masc
866,Polska Partia Praw Człowieka,Sing,Fem
867,VfL Wolfsburg,Sing,Masc
868,Anderson Packers,Sing,Masc
869,Fundacja im.,Sing,
870,Stefana Batorego,Sing,Masc
871,Instytut Badawczy Leśnictwa,Sing,Masc
872,The British-Polish Correspondence Club,Sing,Masc
873,Polskie Towarzystwo Neurologiczne,Sing,Neut
874,Žalgiris Kowno,,
875,Sowinformbiuro,,
876,Polskie Towarzystwo Rehabilitacji,Sing,Neut
877,Polonia Bytom,Sing,Fem
878,Wilki Morskie Szczecin,Plur,Fem
879,Czajka Niżny Nowogród,,
880,Levallois Sporting Club Basket,Sing,Masc
881,Instytut Kolejnictwa,Sing,Masc
882,Stowarzyszenie Pogotowie Kulturalno-Społeczne,Sing,Neut
883,Kryżynka Kijów,Sing,Fem
884,AZ Alkmaar,Sing,Masc
885,SC Bietigheim-Bissingen,Sing,Neut
886,ŻFK Mariupol,Sing,Masc
887,Noteć Inowrocław,,
888,Odense Bulldogs,Sing,Masc
889,Polska Fundacja Kulturalna,Sing,Fem
890,Erie Otters,Plur,Neut
891,Arkansas Razorbacks,Sing,Masc
892,EMS Podilla Winnica,Sing,Masc
893,KK Vršac,,
894,Fundacja Otwarty Dialog,Sing,Fem
895,Fundacja Orange,Sing,Fem
896,Fundacja Instytut Badań Rynkowych i Społecznych IBRiS,Sing,Fem
897,HC 05 Banská Bystrica,Sing,Masc
898,Minnesota Wild,Sing,Masc
899,Kokkolan Hermes,Sing,Masc
900,Servette Genewa,Plur,Neut
901,Sportino Inowrocław,Sing,Masc
902,Timrå IK,Sing,Masc
903,Fundacja Rozwoju Sportu w Lublinie,Sing,Fem
904,Rulav Odd Charków,Sing,Masc
905,Historyczne składy Spójni Stargard,Plur,Masc
906,Life Extension Foundation,Sing,Masc
907,Springfield Thunderbirds,Sing,Neut
908,Wiesław Protschke,Sing,Masc
909,HC Bolzano,Sing,Masc
910,IF Sundsvall Hockey,Sing,Masc
911,FC Barcelona Femení,Sing,Masc
912,Basket Trapani,Sing,Masc
913,Łada Togliatti,Sing,Masc
914,Maine Mariners,Sing,Neut
915,HK Kurbads,Sing,Masc
916,Indy Fuel,Sing,Fem
917,Kolegium Europy Wschodniej im.,,
918,Jana Nowaka-Jeziorańskiego we Wrocławiu,Sing,Masc
919,Anaheim Ducks,Sing,Neut
920,WKS Zakopane,,
921,Fundacja im.,Sing,
922,Kazimierza Pułaskiego,,
923,Fundacja Równości,Sing,Fem
924,Lørenskog IK,Sing,Masc
925,Kalevan Pallo,Sing,Masc
926,Amazon Grimstad FK,Sing,Fem
927,Stoczniowiec Gdańsk,Sing,Masc
928,Polskie Towarzystwo Kardiologiczne,Sing,Neut
929,Stary Łuck-Uniwersytet Łuck,Sing,Masc
930,Sławija Kijów,Sing,Masc
931,Winnipeg Jets,Sing,Masc
932,HC Thurgau,Sing,Masc
933,Sheffield Steelers,Sing,Neut
934,Czornomoroczka Odessa,Sing,Fem
935,Miłość Nie Wyklucza,Sing,
936,Brygada Syndykalistyczna,Sing,Fem
937,Fundacja DKMS,Sing,Fem
938,Włoska Partia Republikańska,Sing,Fem
939,HK Czeboksary,Sing,Masc
940,Fundacja „Lux Veritatis”,Sing,Masc
941,ŁKS Łódź,Sing,
942,Instytut Spraw Obywatelskich,Sing,Masc
943,Zakład Systemów Dyspozytorskich,Sing,Masc
944,Füchse Duisburg,Sing,Masc
945,Społeczna Fundacja Pamięci Narodu Polskiego,Sing,Fem
946,Fundacja Edukacja dla Demokracji,Sing,Fem
947,HK Dmitrow,Sing,Masc
948,Rieaktor Niżniekamsk,Sing,Masc
949,Brompton,Sing,Masc
950,KK Świecie,Sing,Masc
951,HC Merano,,
952,Centrum Kultury Polskiej i Dialogu Europejskiego w Iwano-Frankiwsku,Sing,Neut
953,Owen Sound Attack,Sing,Masc
954,Polfarmex Kutno,Sing,Masc
955,Górnik Katowice,Sing,Masc
956,Research Triangle Institute,Sing,Masc
957,Massachusetts Medical Society,Sing,Masc
958,Józef Kobiałko,Sing,Masc
959,Students for Liberty,Sing,Fem
960,Amerykańska Akademia Okulistyki,Sing,Fem
961,Klaster LifeScience Kraków,Sing,Masc
962,GSS Grodzisk Wielkopolski,Sing,Masc
963,AZS AJP Gorzów Wielkopolski,Sing,Fem
964,Start Gdynia,Sing,Masc
965,Arłan Kokczetaw,Sing,Masc
966,Makkabi Kraków,Sing,Masc
967,TS Wisła Can-Pack Kraków,,
968,Virtus Bolonia,Sing,Masc
969,Obotritia,Sing,Fem
970,Löwen Frankfurt,Sing,Masc
971,Fundacja Słowo i Kropka,Sing,Fem
972,Rubin Tiumeń,Sing,Masc
973,Utah Grizzlies,Sing,Masc
974,TS Ostrovia,Sing,Fem
975,Republikańskie Społeczne Zjednoczenie „Harcerstwo”,Sing,Neut
976,HC Pilzno 1929,,
977,Komitet Ochotników Polskich,Sing,Masc
978,Piast Cieszyn,Plur,Fem
979,Asiago Hockey,Sing,Masc
980,KS Hes BasketBall Wrocław,Sing,Masc
981,PTS Lider Pruszków,Sing,Masc
982,Fundacja Rosa,Sing,Fem
983,Arbeitsgruppe „Solidarność”,Sing,Masc
984,Eschweiler-Aachen,Sing,Masc
985,Łódzkie Żydowskie Towarzystwo Dobroczynności,Sing,Neut
986,Ritten Sport,Sing,Masc
987,Bayern Monachium,Sing,Masc
988,Cracovia,Sing,Fem
989,Fundacja na rzecz Nauki Polskiej,Sing,Fem
990,Zastal Zielona Góra,Sing,Fem
991,UMMC Jekaterynburg,Sing,Masc
992,Illicziwka Mariupol,Sing,Fem
993,AZS-AWF Katowice,Sing,Masc
994,Arsenal W.F.C.,Sing,Masc
995,Omaha Ak-Sar-Ben Knights,Sing,Masc
996,Sheboygan Red Skins,Sing,Masc
997,Jatrań Berestiweć,Sing,
998,Tiwali Mińsk,Plur,Masc
999,Zwolnieni z Teorii,Plur,Masc
1000,Montreal Canadiens,Sing,Masc
1001,Światowy Związek Żołnierzy Armii Krajowej,Sing,Masc
1002,RCD Espanyol Femenino,Sing,Masc
1003,Polskie Towarzystwo Zespołu Aspergera,Sing,Neut
1004,Fundacja Jolanty i Leszka Czarneckich,Sing,Masc
1005,Rouen Hockey Élite 76,Plur,Masc
1006,Indianapolis Jets,Sing,Masc
1007,Stowarzyszenie Dziennikarzy Podróżników Globtroter,Sing,Masc
1008,Polska Socjalistyczna Partia Robotnicza,Sing,Fem
1009,Polish American Historical Association,Sing,Masc
1010,Formacje Bojowo-Milicyjne Polskich Socjalistów,Plur,Fem
1011,Fundacja Aktywizacja,Sing,Fem
1012,Instytut Globalnej Odpowiedzialności,Sing,Masc
1013,Towarzystwo Wychowania Fizycznego „Junak”,Sing,Neut
1014,Stalnyje Lisy Magnitogorsk,Sing,
1015,Panathinaikos BC,Sing,Masc
1016,Sokół Łańcut,Plur,Neut
1017,Spartak Ługańsk,Sing,Masc
1018,HKm Zvolen,Sing,Neut
1019,Wisła Kraków,Sing,Fem
1020,Edinburgh Capitals,Sing,Masc
1021,Grizzlys Wolfsburg,Sing,Masc
1022,Centrum Edukacji Obywatelskiej,Sing,Fem
1023,Toronto Maple Leafs,Sing,Masc
1024,Julian Skokowski,Sing,Masc
1025,Fundacja Wojskowości Polskiej,Sing,Fem
1026,Frankfurt Lions,Sing,Masc
1027,Sacramento Monarchs,,
1028,Spartak Kijów,Plur,Masc
1029,Val-d’Or Foreurs,Sing,Masc
1030,Modo Hockey,Sing,Fem
1031,Fundacja Instytut Studiów Wschodnich,Sing,Fem
1032,Fundacja Polskich Kolei Wąskotorowych,Sing,Fem
1033,Diables Rouges de Briançon,Sing,Masc
1034,Start Lublin,Sing,Masc
1035,Brose Baskets,Sing,Masc
1036,Medyk Konin,Sing,Masc
1037,Frisk Asker,Sing,Masc
1038,HK Brześć,Sing,Masc
1039,Kielecki Ochotniczy Szwadron Kawalerii im.,Sing,Masc
1040,13 Pułku Ułanów Wileńskich,Sing,Masc
1041,Instytut Melioracji i Użytków Zielonych,Sing,Masc
1042,Polskie Towarzystwo Fizjoterapii,Sing,Neut
1043,Cape Breton Screaming Eagles,Sing,Masc
1044,Zakład Narodowy im.,Sing,Masc
1045,Ossolińskich,Plur,Masc
1046,Fundacja Elektrowni Rybnik,Sing,Fem
1047,Piotr Grabowski,Sing,Masc
1048,AZS Poznań,Sing,
1049,St.,Sing,Masc
1050,John’s Maple Leafs,Sing,Masc
1051,Cracovia,Sing,Fem
1052,Fundacja Polskie Orły,Sing,Fem
1053,Kompańjon Kijów,Sing,Masc
1054,Fundacja Ukryte Skrzydła,Sing,Fem
1055,Fundacja Bęc Zmiana,Sing,Fem
1056,HC Poruba,Sing,Masc
1057,Czełmiet Czelabińsk,Sing,Masc
1058,Morski Instytut Rybacki,Sing,Masc
1059,HK Riazań,Sing,Masc
1060,Saint John Sea Dogs,Sing,Masc
1061,Arystan Temyrtau,Sing,Masc
1062,Atlas Network,Sing,Masc
1063,Zenit Petersburg,Sing,Masc
1064,Fundacja Huberta Jerzego Wagnera,Sing,Fem
1065,Fundacja Court Watch Polska,Sing,Fem
1066,EV Ravensburg,Sing,Masc
1067,Iowa Stars,Plur,Neut
1068,Łada Togliatti,Sing,Masc
1069,Karşıyaka Basket,Sing,Neut
1070,HK 95 Považská Bystrica,Sing,Masc
1071,San Antonio Spurs,Sing,Masc
1072,HK Nitra,Sing,Masc
1073,Victoria Libertas Pesaro,Plur,Neut
1074,UTH Rosa Radom,Sing,Fem
1075,Fortitudo Bolonia,Sing,Fem
1076,Herning Blue Fox,Sing,Masc
1077,Heinolan Peliitat,Sing,Masc
1078,Dom samotnej matki,Sing,Masc
1079,Orla Straż,Sing,
1080,Fundacja Tumult,Sing,Fem
1081,HDD Olimpija Lublana,Sing,Masc
1082,Instytut Nowych Syntez Chemicznych,Plur,Neut
1083,HK Kramatorsk,Sing,Masc
1084,Łoko Jarosław,Sing,Masc
1085,WWS Moskwa,Sing,Masc
1086,Instytut Praw Pacjenta i Edukacji Zdrowotnej,Sing,Masc
1087,Espoon Kiekkoseura,Sing,Masc
1088,Wheeling Nailers,Sing,Masc
1089,Szkoła Baletowa w Krakowie,Sing,Fem
1090,Ogólnopolska Organizacja na rzecz Walki z Rakiem Szyjki Macicy,Sing,Fem
1091,Centrum Analiz Społeczno-Ekonomicznych,Sing,Neut
1092,Medal Ignacego Paderewskiego,Sing,Masc
1093,Zaporiźki Morżi Zaporoże,Sing,Masc
1094,Hładiator Lwów,Sing,Masc
1095,Swift Current Broncos,Sing,Masc
1096,Allen Americans,Sing,Masc
1097,Polskie Towarzystwo Zapobiegania Narkomanii,Sing,Neut
1098,Advocates for Self-Government,Sing,Masc
1099,Edmonton Oil Kings,Sing,Masc
1100,Fundacja „Świat na Tak”,Sing,Fem
1101,Calgary Flames,Sing,Masc
1102,BK Opava,Sing,Masc
1103,Polska Partia Ludowa,Sing,Fem
1104,1.,Sing,Masc
1105,FC AZS AWF Katowice,Sing,Masc
1106,Związek Podhalan w Północnej Ameryce,Sing,Masc
1107,Władysław Głuchowski,Sing,Masc
1108,Montreal Maroons,Sing,Fem
1109,Toronto Blueshirts,Sing,Masc
1110,THK Twer,Sing,Masc
1111,AEK BC,Sing,Neut
1112,South Carolina Stingrays,Sing,Fem
1113,Ałmaz Czerepowiec,Sing,Masc
1114,Stavanger Oilers,Sing,Masc
1115,HK Czełny,Sing,Masc
1116,Virgin Unite,Sing,Masc
1117,IF Troja-Ljungby,Sing,Masc
1118,Fundacja Astronomii Polskiej im.,Sing,Fem
1119,Mikołaja Kopernika,Sing,Fem
1120,BK Häcken,Sing,Masc
1121,Atlanta Dream,Sing,
1122,BK Charków,Sing,Masc
1123,Bílí tygři Liberec,Sing,
1124,HK Liepājas Metalurgs,Sing,Masc
1125,Hannover Scorpions,Sing,Masc
1126,Fehérvár AV19,Sing,Masc
1127,Muzyka Odnaleziona,Sing,Fem
1128,Polski Ośrodek Społeczno-Kulturalny,Sing,Masc
1129,Esja UMFK Reykjavík,Sing,Fem
1130,Instytut Romana Dmowskiego w Chicago,Sing,Masc
1131,Irbis Kazań,Sing,
1132,Leksands IF,Sing,Masc
1133,Instytut Badań Rynku,Sing,Masc
1134,Kaiser-Wilhelm-Gesellschaft,Sing,Masc
1135,Polski Komitet do Zwalczania Raka,Sing,Masc
1136,Górnik Janów,Sing,Masc
1137,Jupiter Charków,Sing,Masc
1138,Katolickie Stowarzyszenie Lekarzy Polskich,Sing,Masc
1139,Instytut Studiów Strategicznych,Sing,Masc
1140,HC Ajoie,Sing,Masc
1141,HC Ołomuniec,Sing,Masc
1142,Buffalo Sabres,Sing,Neut
1143,Dinamo Moskwa,Sing,Masc
1144,Warszawskie Towarzystwo Neurologiczne,Sing,Neut
1145,Sacramento Kings,Sing,Masc
1146,Widzew Łódź,Sing,
1147,Fundacja Dziecięca Fantazja,Sing,Fem
1148,Start Łódź,Sing,
1149,MK PZKO Karwina-Sowiniec,Sing,Masc
1150,Mordowija Sarańsk,Sing,Fem
1151,American Society for Microbiology,Sing,Masc
1152,BK Donieck,Sing,Masc
1153,Awtomobilist Jekaterynburg,Sing,Masc
1154,SKIF Lwów,Sing,Masc
1155,Główny Instytut Górnictwa,Sing,Masc
1156,BC Ostenda,Sing,Masc
1157,New York Rangers,Sing,Masc
1158,Szachtar Donieck,Sing,Masc
1159,Fundacja Pogranicze,Sing,Fem
1160,Braspol,Sing,Masc
1161,Uniks Kazań,Sing,
1162,Baildon Katowice,Sing,Masc
1163,Fundacja Kwiaty Polskie,Sing,Fem
1164,Naprzód Janów,Plur,Masc
1165,Feminoteka,Sing,Fem
1166,Fundacja Kresy-Syberia,Sing,Fem
1167,BioLogos Foundation,Sing,Masc
1168,Komisja Fulbrighta,Sing,Fem
1169,KS Sudety Jelenia Góra,Sing,Masc
1170,BK Odessa,Sing,Masc
1171,Chimik Nowopołock,Sing,Masc
1172,HK Prizma Ryga,Sing,Masc
1173,SKA-1946 Sankt Petersburg,Sing,Masc
1174,Pittsburgh Ironmen,Sing,Masc
1175,Instytut Pojazdów Szynowych „Tabor”,Sing,Masc
1176,Colorado Avalanche,Sing,Masc
1177,EV Zug,Sing,Masc
1178,GKS Tychy,Sing,Masc
1179,CH Gasteiz,Sing,Masc
1180,Fundacja Kopernikowska,Sing,Fem
1181,Olimpia Szczecin,Sing,
1182,Fundacja Monumentum Iudaicum Lodzense,Sing,Fem
1183,La Strada,Sing,Fem
1184,Awangard Omsk,Sing,Masc
1185,Fundacja Instytut Rozwoju Regionalnego,Sing,Fem
1186,Fundacja Serce Dziecka,Sing,Fem
1187,Górnik Pszów,Sing,Masc
1188,Odra Opole,Sing,
1189,Kolejarz Łódź,Sing,
1190,Instytut Juliusa Kühna,Sing,Masc
1191,Ak Bars Kazań,Sing,Neut
1192,Ros Casares Valencia,Sing,Fem
1193,Wisła Tczew,Sing,Fem
1194,AZS Lublin,Sing,Fem
1195,Fundacja Badań i Rozwoju Nauki,Sing,
1196,SKM Nowa Sól,Sing,
1197,Fundacja im.,Sing,
1198,Zofii Rydet,Sing,Fem
1199,Providence Steamrollers,Plur,Fem
1200,Fundacja Wisławy Szymborskiej,,
1201,Vålerenga Ishockey,Sing,Fem
1202,Harcerstwo Polskie w Republice Czeskiej,Sing,Fem
1203,Resovia,Sing,Fem
1204,Centrum im.,Sing,Neut
1205,Adama Smitha,Sing,Fem
1206,Andrzej Paczkowski,Sing,Masc
1207,Program stypendialny im.,Sing,
1208,Lane’a Kirklanda,Sing,Fem
1209,Absolwenci Łódź,Sing,
1210,Medvědi Beroun 1933,Sing,Masc
1211,Działaj Lokalnie,Sing,
1212,Pomorzanin Toruń,Sing,Masc
1213,Dresdner Eislöwen,Sing,Masc
1214,Rawia Rawicz,Sing,Fem
1215,CSK WWS Samara,Sing,Masc
1216,Újpesti TE,Plur,Fem
1217,Muzeum Wirtualne im.,Sing,Neut
1218,Władysława Piotrowskiego,Sing,Fem
1219,Generals Kijów,Sing,Masc
1220,Czarni Słupsk,Sing,Masc
1221,Nasze Skały,Plur,Fem
1222,Mikkelin Jukurit,Sing,Masc
1223,Centrum Badań i Innowacji Pro-Akademia,Sing,Neut
1224,Salt Lake City Stars,Sing,Masc
1225,Ukraiński Instytut Naukowy w Warszawie,Sing,Masc
1226,Fundacja Sztuki Współczesnej – In Situ,Sing,Fem
1227,Zamłynie Radom,Plur,Masc
1228,Norbert Wójtowicz,Sing,Masc
1229,Basket Poznań,Sing,
1230,HC Vítkovice,Sing,Masc
1231,Sibirskije Snajpiery Nowosybirsk,Sing,Masc
1232,Krasnaja Armija Moskwa,Sing,Fem
1233,Niemiecki Instytut Historyczny w Warszawie,Sing,Masc
1234,Rapperswil-Jona Lakers,Plur,Neut
1235,Zakład Automatyzacji Powierzchniowej,Sing,Masc
1236,Dnipro Chersoń,Sing,Masc
1237,Lotnik Warszawa,Sing,Masc
1238,HK Vitez Belgrad,Sing,Neut
1239,Stal Mielec,Sing,Masc
1240,Związek Harcerstwa Polskiego w Niemczech,Sing,Masc
1241,Matthew Shepard Foundation,Sing,Fem
1242,Centrum im.,Sing,Neut
1243,Profesora Bronisława Geremka,Plur,Neut
1244,Bronowianka Kraków,Sing,Masc
1245,BK Równe,Sing,Masc
1246,Warszawskie Towarzystwo Prasy Lokalnej,Sing,Fem
1247,Spójnia Stargard – statystyka,Sing,
1248,Jenisiej Krasnojarsk,Sing,Masc
1249,Kentucky Colonels,Sing,Masc
1250,Łehenda-SzWSM Czernihów,Sing,Fem
1251,Polish Women’s Alliance of America,Sing,Masc
1252,Turun Palloseura,Sing,Masc
1253,HSC Csíkszereda,Sing,Masc
1254,Fundacja Rodziny Nissenbaumów,Sing,Fem
1255,Fundacja Rozwoju Społeczeństwa Obywatelskiego,Sing,Fem
1256,Saryarka Karaganda,Sing,Fem
1257,Gwardia Ludowa WRN,Sing,Fem
1258,CSKA Moskwa,Sing,Fem
1259,Ustawa o fundacjach,Sing,Fem
1260,Ford Foundation,Sing,Fem
1261,Stefan Arski,Sing,Masc
1262,Instytut Ochrony Roślin,Sing,Masc
1263,BIPA-Odesa,Sing,Fem
1264,Kelowna Rockets,Sing,Fem
1265,Dom św.,Sing,Masc
1266,Kazimierza,,
1267,Polska Narodowa „Spójnia”,Sing,Fem
1268,w Ameryce,Sing,Fem
1269,Austin Spurs,Sing,Masc
1270,Utah Stars,Sing,Fem
1271,Fundacja Aparat Caffe,Sing,Fem
1272,CSK WWS Samara,Sing,Masc
1273,Spirits of St.,Sing,Masc
1274,Louis,Sing,Masc
1275,Polska Fundacja Upowszechniania Nauki,Sing,Fem
1276,ŁKH Łódź,Sing,
1277,Karpaty Lwów,Sing,Masc
1278,Hamilton Bulldogs,Sing,Masc
1279,Instytut Mechanizacji Budownictwa i Górnictwa Skalnego,Sing,Masc
1280,POLPAN,Sing,Masc
1281,Polskie Towarzystwo Psychoonkologiczne,Sing,Neut
1282,EHC Arosa,Sing,Masc
1283,Proch Pionki,Sing,Masc
1284,Dallas Wings,Sing,Neut
1285,Admirał Władywostok,Sing,Masc
1286,Instytut Sobieskiego,Sing,Masc
1287,Fundacja Aeris Futuro,Sing,Fem
1288,Łokomotiw Jarosław,Sing,Masc
1289,Rada Polonii Belgijskiej,Sing,Fem
1290,Wilkes-Barre/,Sing,Masc
1291,Scranton Penguins,Sing,Masc
1292,Fundacja Rodzić po Ludzku,,
1293,Hapoel Afula B.C.,Sing,Masc
1294,Nürnberg Ice Tigers,Sing,Masc
1295,Grand Rapids Gold,Sing,Masc
1296,Stiftung Warentest,Sing,Masc
1297,Moskiewska Szkoła Edukacji Obywatelskiej,Sing,Fem
1298,Herlev Eagles,Sing,Masc
1299,Fundacja Miasto Kotów,Sing,Fem
1300,Fundacja Generał Elżbiety Zawackiej w Toruniu,Sing,Masc
1301,Fundacja Młoda Demokracja,Sing,Fem
1302,FC Barcelona,Sing,Masc
1303,Metal Tarnów,Sing,Masc
1304,Rzecznik Praw Pacjenta Szpitala Psychiatrycznego,Sing,Masc
1305,Centrum Badania Opinii Społecznej,Sing,Neut
1306,Fundacja im.,Sing,
1307,Kieleckiej Szkoły Krajobrazu,Sing,Fem
1308,WKS Kielce,Plur,Neut
1309,HC Topoľčany,Sing,Masc
1310,Olympiakos BC,Sing,Neut
1311,Junak Drohobycz,Sing,
1312,Parada Schumana,Sing,Masc
1313,ASA Târgu Mureș,Sing,Masc
1314,Los Angeles Lakers,Sing,Masc
1315,Stowarzyszenie Naukowców Polaków Litwy,Sing,Masc
1316,Brampton Beast,Sing,Masc
1317,Chicago Blackhawks,Sing,Neut
1318,EC Red Bull Salzburg,Sing,Masc
1319,Klub Polski w RFN,Sing,Masc
1320,EHC Visp,Sing,Masc
1321,Charlotte Checkers,Sing,Neut
1322,Dinamo Sankt Petersburg,Sing,Masc
1323,Pogoń Puławy,Sing,Fem
1324,Ładja Togliatti,Sing,
1325,Dinamo-Eniergija Jekaterynburg,,
1326,Związek Harcerstwa Rzeczypospolitej w Kanadzie,Sing,Masc
1327,Henryk Bieniewski,Sing,Masc
1328,Montepaschi Siena,,
1329,Fundacja Grupy PKP,Sing,Fem
1330,Cleveland Cavaliers,Sing,Neut
1331,Washington Capitols,Sing,Masc
1332,Cunami Iwano-Frankiwsk,Sing,Masc
1333,Centrum Informacji Kulturalnej w Łodzi,Sing,Neut
1334,Pafawag Wrocław,Sing,Masc
1335,AZS Wilno,Sing,Masc
1336,Fundacja „Strumień Życia”,Sing,Fem
1337,Binghamton Senators,Sing,Masc
1338,IK Pantern,Sing,Masc
1339,Virtus Rzym,Sing,Masc
1340,Fundacja Lotto,Sing,Fem
1341,Basket 25 Bydgoszcz,Sing,
1342,5 Batalion 14 Środkowobośniackiej Brygady NOVJ,Sing,Fem
1343,Quad City Flames,Sing,Masc
1344,Lwiwianka Lwów,Sing,Masc
1345,Polskie Stowarzyszenie Rzeczoznawców i Biegłych Sądowych,Sing,Masc
1346,AIK Ishockey,Sing,Masc
1347,Obywatelski Komitet Ratowania Krakowa,Sing,Masc
1348,HC Slovan Ústí nad Labem,Sing,Masc
1349,Niezależna Agencja Fotograficzna Dementi,Sing,
1350,Związek Polaków w Niemczech,Sing,Masc
1351,Fundacja Warszawskie Szpitale Polowe,Sing,Fem
1352,Iowa Wild,Sing,Masc
1353,Centrum Dialogu,Sing,Neut
1354,Rögle BK,Sing,Neut
1355,Związek Polaków na Litwie,Sing,Fem
1356,Sputnik Niżny Tagił,Sing,Masc
1357,Carolina Hurricanes,Plur,Neut
1358,KK Zagreb,Sing,Masc
1359,Athletic Club Femenino,Sing,Masc
1360,Orli Znojmo,Plur,Masc
1361,Barys Nur-Sułtan,Sing,Fem
1362,Kristałł Elektrostal,Sing,Masc
1363,Connecticut Sun,Sing,Masc
1364,Fundacja Centrum Europejskie Natolin,Sing,Fem
1365,Polskie Towarzystwo Psychiatryczne,Sing,Neut
1366,Karlskrona HK,Sing,Fem
1367,Związek Polaków na Ukrainie,Sing,Fem
1368,Związek Zawodowy Anestezjologów,Sing,Masc
1369,Stal Stalowa Wola,Sing,Fem
1370,Fundacja Książąt Czartoryskich,Sing,Fem
1371,Stowarzyszenie Gejów i Lesbijek Psychiatrów,Sing,Masc
1372,HK Orenburg,Sing,Masc
1373,Związek Śpiewaków Polskich w Ameryce,Sing,Masc
1374,San Antonio Rampage,Sing,Masc
1375,1.,Sing,Masc
1376,FC Katowice,Sing,Masc
1377,Narvik IK,Sing,Masc
1378,SMO MHK Atłant Mytiszczi,Sing,Masc
1379,SKKH Atomówki GKS Tychy,Sing,Masc
1380,MHC Martin,Sing,Masc
1381,Dundee Stars,,
1382,Klub Polski – Stowarzyszenie Polaków i Ich Przyjaciół na Słowacji,Sing,Masc
1383,Rochester Americans,Sing,Masc
1384,HC Kladno,Sing,Masc
1385,Olimpija Lublana,Sing,Fem
1386,OIC Poland,Sing,Masc
1387,Indiana Pacers,Sing,Neut
1388,1.,Sing,Masc
1389,FFC Turbine Potsdam,Sing,Masc
1390,Fundacja Przeciwko Leukemii,Sing,Fem
1391,HK Budapest Stars,Sing,Masc
1392,Wschodnia Fundacja Kultury „Akcent”,Sing,Fem
1393,Małopolski Instytut Samorządu Terytorialnego i Administracji,Sing,Masc
1394,HK Novi Sad,Sing,Masc
1395,Polskie Towarzystwo Pielęgniarskie,Sing,Neut
1396,ASC Corona 2010 Braszów,Plur,Masc
1397,CH Madrid,Sing,Masc
1398,Stowarzyszenie Network PL,Sing,Masc
1399,Stowarzyszenie Dwie Kreski,Sing,Masc
1400,SC Riessersee,Sing,Masc
1401,Czarna Trzynastka Poznań,Sing,
1402,Worcester Sharks,Sing,Masc
1403,AZS Politechnika Poznańska,Sing,Fem
1404,Dinamo Moskwa,Sing,Masc
1405,Polonia Warszawa,Sing,Fem
1406,München Barons,Sing,Masc
1407,EHC Chur,Sing,Masc
1408,MacArthur Fellowship,Sing,Masc
1409,Wytiaź Charków,Sing,Masc
1410,BTH Bydgoszcz,Sing,Fem
1411,KH Gdańsk,Sing,Masc
1412,Polskie Towarzystwo Endokrynologiczne,Sing,Neut
1413,Fundacja Rozwoju Obrotu Bezgotówkowego,Sing,Fem
1414,SMS PZHL Katowice,Sing,Masc
1415,Polskie Towarzystwo Badań nad Dziećmi,Sing,
1416,Patriot Winnica,Sing,Masc
1417,Gwardia Katowice,Sing,Masc
1418,Prince George Cougars,Sing,Masc
1419,Chelsea F.C.,Sing,
1420,Women,Sing,Masc
1421,Esbjerg Energy,Sing,Masc
1422,Beşiktaş JK,Sing,Masc
1423,HC Gherdëina,Sing,Masc
1424,Grembach Łódź,Sing,
1425,Los Angeles Kings,Sing,Masc
1426,Podił Kijów,Sing,Masc
1427,Eniergija Woroneż,Sing,Fem
1428,Toledo Walleye,Sing,Masc
1429,Anwil Włocławek,Sing,Masc
1430,Alina Kijów,Sing,Masc
1431,AZS Lwów,Sing,Masc
1432,TSG 1899 Hoffenheim,Sing,Masc
1433,Plymouth Whalers,Sing,Fem
1434,Bobry Bytom,Sing,Masc
1435,New Jersey Devils,Sing,Fem
1436,Fundacja Kościuszkowska,Sing,Fem
1437,HC Litvínov,Sing,Masc
1438,Polska Biblioteka Internetowa,Sing,Fem
1439,Wspólnota Młodej Polonii,Sing,Fem
1440,Polskie Towarzystwo Artystyczne „Ars Musica”,Sing,Neut
1441,Fundacja Kobieca eFKa,Sing,Fem
1442,Tulsa Oilers,Sing,Masc
1443,Jermak Angarsk,Sing,Masc
1444,Dynamo Charków,Plur,Masc
1445,Pogoń Prudnik,Sing,Masc
1446,Umana Wenecja,Sing,Fem
1447,CJM Bourges Basket,Sing,
1448,Szkoła Edukacji PAFW i UW,Sing,Fem
1449,Polskie Towarzystwo Historyczne w Wielkiej Brytanii,Sing,Neut
1450,Seattle Storm,Sing,
1451,UMKS Kielce,Plur,Neut
1452,Naftochimik Kałusz,Sing,Masc
1453,Kongres Polaków w Republice Czeskiej,Sing,Fem
1454,Indiana Fever,Sing,Masc
1455,Zjednoczenie Polskie w Wielkiej Brytanii,Sing,Neut
1456,Boruta Zgierz,Sing,Masc
1457,Fundacja Avalon,Sing,Fem
1458,MHK Humenné,Sing,Masc
1459,GKS Jastrzębie,Sing,Neut
1460,Newfoundland Growlers,Sing,Neut
1461,Towarzystwo Miłośników Braniewa,Plur,Masc
1462,MAC Budapeszt,Sing,Masc
1463,Manchester Storm,Sing,Masc
1464,Czesław Nusbaum,Sing,Masc
1465,SV Neulengbach,Sing,Masc
1466,Zakłady Konstrukcyjno-Mechanizacyjne Przemysłu Węglowego,Plur,Masc
1467,Instytut Nowych Syntez Chemicznych,Plur,Neut
1468,Górnik Wojkowice,Sing,Masc
1469,SKA-Sieriebrianyje Lwy Sankt Petersburg,Sing,
1470,Związek Syndykalistów Polskich,Sing,Masc
1471,Rossijanka Krasnoarmiejsk,Sing,Fem
1472,Decka Pelplin,Sing,Fem
1473,Bergen IK,Sing,Masc
1474,Mietałłurg Magnitogorsk,Sing,Masc
1475,Espoon Palloseura,Sing,Masc
1476,Fundacja Solo Dios Basta,Sing,Fem
1477,Związek Polaków w Łotwie,Sing,Fem
1478,Las Vegas Wranglers,Sing,Masc
1479,Stilon Gorzów Wielkopolski,Plur,Masc
1480,Crvena zvezda Belgrad,Sing,Fem
1481,Sudbury Wolves,Sing,Masc
1482,Tønsberg Vikings,Sing,Masc
1483,Heifer Poland,Sing,Masc
1484,Fundacja Promocji i Akredytacji Kierunków Ekonomicznych,Sing,Fem
1485,CA River Plate Femenino,Sing,Masc
1486,Sparta Praga,Sing,Fem
1487,Oklahoma City Blue,Sing,Fem
1488,Södertälje SK,Sing,
1489,Berkut Kijów,Sing,Masc
1490,Iowa Wolves,Sing,Fem
1491,Fundacja na rzecz Wielkich Historii,Sing,Fem
1492,St.,Sing,Masc
1493,Louis Blues,Sing,Masc
1494,GCK Lions,Sing,Masc
1495,CHH Txuri Urdin,Sing,Masc
1496,Tingsryds AIF,Sing,Masc
1497,Fundacja dobrowska,Sing,Fem
1498,EC Graz 99ers,,
1499,Fundacja Kultury Polskiej na Litwie im.,Sing,Fem
1500,Józefa Montwiłła,Sing,Fem
1501,Jertys Pawłodar,Sing,Masc
1502,Mora IK,Sing,Masc
1503,GTK Gliwice,Sing,Masc
1504,Sachalinskije Akuły Jużnosachalińsk,Sing,Masc
1505,Washington Mystics,Sing,Masc
1506,Brynäs IF,Sing,Masc
1507,Komitet Solidaritet med Polens Barn,Sing,Masc
1508,Fundacja im.,Sing,
1509,Karoliny i Janusza Rostworowskich,Sing,Fem
1510,Śmiałkowie Ludu,Plur,Masc
1511,VHK Vsetín,Sing,Masc
1512,Baltimore Bullets,Sing,Masc
1513,EV Landshut,Sing,Masc
1514,Mississauga IceDogs,Sing,Fem
1515,JYP-Akatemia,Sing,Fem
1516,Fundacja Beckley,Sing,Fem
1517,Zakład Systemów Sterowania,Sing,Masc
1518,Fundacja Klasyczne Jachty,Sing,Fem
1519,Fundacja „Żołnierzy Wyklętych”,Sing,Fem
1520,Fundacja Sue Ryder,Sing,Fem
1521,Alaska Aces,Sing,Fem
1522,Towarzystwo Bory Dolnośląskie im.,Sing,Neut
1523,Klausa Haenscha,Sing,Fem
1524,BIK Karlskoga,Sing,Masc
1525,Kanadyjsko-Polski Instytut Badawczy,Sing,Masc
1526,DVTK Jegesmedvék,Sing,Masc
1527,Arka Gdynia,Sing,Fem
1528,Alba Chorzów,Sing,Masc
1529,Dinamo-Juniors Ryga,Sing,Masc
1530,KK Krka Novo Mesto,Sing,Masc
1531,Polska Akcja Humanitarna,Sing,Fem
1532,Polskie Stowarzyszenie Studentów i Absolwentów Psychologii,Sing,Masc
1533,Konstanty Jagiełło,Sing,Masc
1534,Polonia Wilno,,
1535,Foundation for Medieval Genealogy,Sing,Masc
1536,EK Zell am See,Sing,Neut
1537,Chicoutimi Saguenéens,Plur,Masc
1538,Instytut Rybactwa Śródlądowego im.,Sing,
1539,Stanisława Sakowicza,Sing,Masc
1540,Zrzeszenie Amerykańsko Polskie,Sing,Masc
1541,Hapoel Migdal ha-Emek,Sing,Masc
1542,Next Century Foundation,Sing,Masc
1543,Kidprotect.pl,Sing,Masc
1544,Baloncesto Málaga,Sing,Masc
1545,Borås HC,Sing,Neut
1546,Fundacja Giordano Bruno,Sing,Fem
1547,Lechia Lwów,Sing,Masc
1548,HC Prievidza,Sing,Masc
1549,Fundacja Niemiecka,Sing,Fem
1550,Memphis Grizzlies,Sing,Masc
1551,Porozumienie bez barier,Sing,Neut
1552,Kongres Polonii Niemieckiej,Sing,Masc
1553,HK Kijów,Sing,Masc
1554,Slovan Bratysława,Sing,Masc
1555,Kongres Polonii Kanadyjskiej,Sing,Fem
1556,Lausanne HC,Sing,Neut
1557,Stawiński Basket Piła,Sing,Fem
1558,Boston Breakers,Sing,Masc
1559,KHL Zagreb,Sing,Masc
1560,Polskie Stowarzyszenie Paliw Alternatywnych,Sing,Masc
1561,Wikimedia RU,Sing,Fem
1562,MHK Dubnica nad Váhom,Sing,Masc
1563,Levante UD Femenino,Sing,Masc
1564,Forum Ekonomiczne,Sing,Neut
1565,New Orleans Buccaneers,Sing,Fem
1566,Basket Zaragoza 2002,Plur,Masc
1567,AFC Ajax,Sing,Masc
1568,Feminist Majority Foundation,Sing,Masc
1569,HK Aktobe,Sing,Masc
1570,HYC Herentals,Sing,Masc
1571,Fundacja Pomocy Wzajemnej „Barka”,Sing,Fem
1572,Fundacja Pomagam,Sing,
1573,Idaho Steelheads,Sing,Masc
1574,Monar,Sing,Masc
1575,San Jose Sharks,Sing,Masc
1576,Brampton Battalion,Sing,Masc
1577,Fundacja Shalom,Sing,Fem
1578,Fundacja Alexandra von Humboldta,Sing,Fem
1579,Instytut Agrofizyki im.,Sing,Masc
1580,Bohdana Dobrzańskiego Polskiej Akademii Nauk,Sing,Masc
1581,SMS PZHL Sosnowiec,Sing,Neut
1582,Chimki Moskwa,Plur,Masc
1583,Fundacja „Dom w Łodzi”,Sing,Fem
1584,Fundacja Nautilus,Sing,Fem
1585,Fundacja MaMa,Sing,Fem
1586,Polonijny Klub Podróżnika,Sing,Masc
1587,Fundacja Otwartego Muzeum Techniki,Sing,Fem
1588,Związek Polek w Ameryce,Sing,Masc
1589,Narodowy Instytut Raka,Sing,Masc
1590,Kalamazoo Wings,Sing,Masc
1591,Żubry Białystok,Sing,Masc
1592,Fundacja Warszawskie Hospicjum dla Dzieci,Sing,Fem
1593,Fife Flyers,Sing,Masc
1594,Skyliners Frankfurt,Sing,Masc
1595,Fundacja Chleb Świętego Antoniego,Sing,Fem
1596,SKA-Niewa,Sing,
1597,Ładomyr Włodzimierz Wołyński,Sing,Masc
1598,Tomasz Pilarski,Sing,Masc
1599,Włókniarz Łódź,Sing,
1600,Washington Wizards,Sing,Masc
1601,Fundacja Spełnionych Marzeń,Sing,Fem
1602,Towarzystwo Internistów Polskich,Sing,Neut
1603,Pelicans Lahti,Sing,Masc
1604,American Cancer Society,Sing,Masc
1605,Rosa Radom,Sing,Fem
1606,Cato Institute,Sing,Masc
1607,Bars Kazań,Sing,
1608,Fundacja Samotnie Ale Razem,,
1609,Liga Republikańska,Sing,Fem
1610,Vancouver Canucks,Sing,Masc
1611,LHT Lublin,Sing,Masc
1612,Philadelphia Flyers,Plur,Neut
1613,Dallas Mavericks,Sing,Fem
1614,Fundacja Biedronki,Sing,Fem
1615,Centralny Ośrodek Badania Odmian Roślin Uprawnych,Sing,Masc
1616,Wisła Zakopane,Sing,Fem
1617,HC Fassa,Sing,Masc
1618,Helsingin Jalkapalloklubi,Sing,Masc
1619,Skautafélag Akureyrar,Sing,Masc
1620,Fundacja Rozwoju Miasta Poznania,Sing,Fem
1621,Fundacja Wyspa Progress,Sing,Fem
1622,Espoon Jääklubi,Sing,Masc
1623,Fundacja Marka Kamińskiego,Sing,Fem
1624,Gyergyói HK,Sing,
1625,Czerkaśki Mawpy Czerkasy,Plur,Fem
1626,Benetton Treviso,Sing,Masc
1627,Canberra United FC,Sing,
1628,AZS Szczecin,Sing,Masc
1629,Stilon Gorzów Wielkopolski,Plur,Masc
1630,Fundacja „Krzyżowa”,Sing,Fem
1631,dla Porozumienia Europejskiego,Sing,Neut
1632,Polonia Przemyśl,Sing,
1633,Łódzkie Stowarzyszenie Inicjatyw Miejskich „Topografie”,Sing,Masc
1634,Lechia 06 Mysłowice,Sing,
1635,Kongres Polonii Amerykańskiej,Sing,Masc
1636,Amerykańskie Kolegium Położników i Ginekologów,Sing,Neut
1637,HC Milano Vipers,Sing,Masc
1638,Lillehammer IK,Sing,Masc
1639,Acroni Jesenice,Plur,Masc
1640,HC Kometa Brno,Sing,Masc
1641,Olimp Ryga,Sing,Masc
1642,Coventry Blaze,Sing,Masc
1643,AWF Mickiewicz Katowice,Sing,Masc
1644,Kansas City Mavericks,Sing,Masc
1645,Krasnyje Krylja Samara,Plur,Fem
1646,Fundacja Dajemy Dzieciom Siłę,Plur,
1647,Program Spraw Precedensowych,Sing,
1648,Witold Stanisław Michałowski,Sing,Masc
1649,Niezależny Komitet Historyczny Badania Zbrodni Katyńskiej,Sing,Masc
1650,Slavia Praga,Sing,Fem
1651,Włodzimierz Kaczanowski,Sing,Masc
1652,Red Deer Rebels,Sing,Masc
1653,Kryżani Wowky Kijów,Sing,Masc
1654,Rio Grande Valley Vipers,Sing,Masc
1655,Katolickie Stowarzyszenie Dziennikarzy,Sing,
1656,HC Lev Poprad,Sing,Masc
1657,Texas Legends,Sing,Masc
1658,Hockey Club Poznań,Sing,Masc
1659,Krylja Sowietow Moskwa,Sing,Fem
1660,HK Lida,Sing,Masc
1661,Tęcza Kielce,Sing,Masc
1662,Cincinnati Mighty Ducks,Sing,
1663,Tri-City Americans,Sing,Masc
1664,Wrocławska Fundacja Filmowa,Sing,Fem
1665,Sarnia Sting,Sing,Masc
1666,Boston Breakers,Sing,Masc
1667,Utah Jazz,Sing,Masc
1668,Detroit Red Wings,Sing,Neut
1669,Klub Studentów Polskich w Grodnie,Sing,Masc
1670,Hämeenlinnan Pallokerho,Sing,Masc
1671,Kingston Frontenacs,Sing,Masc
1672,Instytut Rozrodu Zwierząt i Badań Żywności Polskiej Akademii Nauk,Sing,Masc
1673,Związek Polskich Klubów Sportowych w Czechosłowacji,Sing,Masc
1674,Pogoń Katowice,Sing,
1675,HK Poprad,Sing,Masc
1676,Lwiwska Politechnika Lwów,Sing,Fem
1677,PSK Sachalin,Sing,Masc
1678,Amerykańskie Kolegium Reumatologiczne,Sing,Neut
1679,Fundacja Polsat,Sing,Fem
1680,CS Progym Gheorgheni,Sing,Masc
1681,Lech Poznań,Sing,Masc
1682,Fortuna Wyry,Sing,Fem
1683,Ius et Lex,Sing,Masc
1684,HK Nioman Grodno,Sing,Masc
1685,Fundacja Świętego Mikołaja,Sing,Fem
1686,Sanoczanka Sanok,Sing,Masc
1687,Bierkut Karaganda,Sing,Masc
1688,Arka Gdynia,Sing,Fem
1689,Golden State Warriors,Sing,Masc
1690,Färjestad BK,Sing,Neut
1691,Towarzystwo Samopomocy Lekarzy,Sing,Fem
1692,Kristałł Saratów,Sing,Masc
1693,Moncton Wildcats,Sing,Masc
1694,Polski Ruch Wolnościowy Niepodległość i Demokracja,Sing,Masc
1695,Din l-Art Ħelwa,Sing,Masc
1696,Stowarzyszenie Upamiętnienia Ofiar Zbrodni Ukraińskich Nacjonalistów,Sing,Masc
1697,Brygady Garibaldiego,Plur,Masc
1698,Winnyćki Hajdamaky,Sing,Masc
1699,Kiekko-Vantaa,Sing,Fem
1700,Dolmel Wrocław,Sing,Masc
1701,Fundacja Ekumeniczna „Tolerancja”,Sing,Fem
1702,Związek Polaków w Belgii,Sing,Masc
1703,Fundacja Pamięci Johna Simona Guggenheima,Sing,Fem
1704,Fundusz Kultury Narodowej,Sing,Masc
1705,Instytut Lecha Wałęsy,Sing,Masc
1706,USK Praha,Sing,Masc
1707,Kasa im.,Sing,Masc
1708,Józefa Mianowskiego,Sing,Fem
1709,Hershey Bears,Sing,Masc
1710,Iserlohn Roosters,Sing,Masc
1711,HC Nové Zámky,Sing,Masc
1712,AKS Zły,Sing,Masc
1713,Dinamo Moskwa,Sing,Masc
1714,Tytan Częstochowa,Sing,Masc
1715,Kölner Haie,Sing,Masc
1716,Nika Mikołajów,Sing,Fem
1717,Krajowe Centrum Kompetencji,Sing,Neut
1718,Paweł Jasienica,Sing,Masc
1719,Polska Fundacja Narodowa,Sing,Fem
1720,FC Zürich Frauen,Sing,Masc
1721,HC Martigny,Sing,Masc
1722,Fundacja Projekt Łódź,Sing,
1723,Dom Polski w Czerniowcach,Sing,Masc
1724,Rada Polonii Amerykańskiej,Sing,Fem
1725,Ośrodek Studiów nad Cyfrowym Państwem,Sing,Masc
1726,New York Liberty,Sing,Fem
1727,Kapitan Stupino,Sing,Masc
1728,Dąb Katowice,Sing,Masc
1729,Pogoń Women Szczecin,Sing,
1730,EHC St.,Sing,Masc
1731,Moritz,Sing,
1732,Quebec Bulldogs,Sing,Neut
1733,Tornado Kijów,Plur,Masc
1734,AZS Lublin,Sing,Fem
1735,Startup Poland,Sing,Masc
1736,Adirondack Thunder,Sing,Masc
1737,Debreceni HK,Sing,Neut
1738,Denver Nuggets,Sing,Masc
1739,Motor Barnauł,Sing,Masc
1740,Fundacja Współpracy Polsko-Niemieckiej,Sing,Fem
1741,HK Rostów,Sing,Masc
1742,1928 KTH,Sing,Fem
1743,Cracovia,Sing,Fem
1744,Toronto Marlies,Sing,Masc
1745,Ratujmy Ptaki,Plur,
1746,Dallas Stars,Sing,Neut
1747,CA Boca Juniors Femenino,Sing,Masc
1748,Gatineau Olympiques,Sing,Masc
1749,Związek Harcerstwa Polskiego na Litwie,Sing,Fem
1750,Drużba-78 Charków,Plur,Masc
1751,Lwowskie Towarzystwo Łyżwiarskie,Sing,Neut
1752,Zakłady Kórnickie,Plur,Masc
1753,Amerykańskie Towarzystwo Psychopatologiczne,Sing,Neut
1754,Kiekko-Laser,Sing,Masc
1755,Chicago Sky,Sing,Neut
1756,Sokoł Krasnojarsk,Sing,Masc
1757,Instytut Technologiczno-Przyrodniczy,Sing,
1758,Phoenix Mercury,Sing,Masc
1759,Olivia Gdańsk,Sing,
1760,Fundacja im.,Sing,
1761,Lesława A.,Sing,
1762,Pagi,Sing,Fem
1763,Polcul Foundation,Sing,Masc
1764,SMS Warszawa,Sing,Fem
1765,Polskie Towarzystwo Logopedyczne,Sing,Neut
1766,Maccabi Tel Awiw,Sing,Masc
1767,Fundacja 36,Sing,Fem
1768,Sparta Warriors,Sing,Fem
1769,Instytut Myśli Józefa Tischnera,Sing,Masc
1770,Górnik Murcki,Sing,Masc
1771,Akcja Demokracja,Sing,Fem
1772,SC Corinthians Paulista Feminino,Sing,Masc
1773,Fort Wayne Komets,Sing,Masc
1774,Joensuun Kiekko-Pojat,Sing,Masc
1775,Acadie-Bathurst Titan,Sing,Masc
1776,Skautafélag Reykjavíkur,Sing,Masc
1777,KS Odra Brzeg,Sing,Masc
1778,Phoenix Suns,Sing,Masc
1779,Almtuna IS,Sing,Fem
1780,Atlanta Knights,Sing,Fem
1781,Krasnojarskie Rysi Krasnojarsk,Sing,Masc
1782,Polskie Towarzystwo Alergologiczne,Sing,Neut
1783,Międzynarodowy Dom Spotkań Młodzieży w Oświęcimiu,Sing,
1784,Instytut Urologiczny Vattikuti,Sing,Masc
1785,PBK CSKA Moskwa,Sing,Masc
1786,MKS Dąbrowa Górnicza,Sing,Masc
1787,HK Witebsk,Sing,Masc
1788,Legia Warszawa,Sing,Fem
1789,HC Davos,Sing,Masc
1790,Glasgow City F.C.,Sing,Masc
1791,Związek Klubów Polskich,Sing,Masc
1792,Ruś Siedząca,Sing,Masc
1793,Hammarby IF,Sing,Masc
1794,Instytut Uprawy,Sing,Masc
1795,Fundacja Inna Przestrzeń,Sing,Fem
1796,Fundacja Sławek,Sing,Fem
1797,Fundacja Centrum Twórczości Narodowej,Sing,Fem
1798,Harmattan Gniewkowo,Sing,Masc
1799,Instytut Hodowli i Aklimatyzacji Roślin,Sing,Masc
1800,Mariusz Jaskólski,Sing,Masc
1801,BC Niżny Nowogród,,
1802,Fundacja Ważka,Sing,Fem
1803,EHC Biel,Sing,Masc
1804,Polska Macierz Szkolna na Białorusi,Sing,Fem
1805,Żydowski Związek Wojskowy,Sing,Masc
1806,Olimpija Kirowo-Czepieck,Sing,
1807,Houston Aeros,Sing,Masc
1808,Ałtaj Barnauł,Sing,Masc
1809,AZS Uniwersytet Jagielloński,Sing,Masc
1810,Mississauga Steelheads,Sing,Fem
1811,Instytut Europy Środkowej,Sing,Masc
1812,Savonlinnan Pallokerho,Sing,Masc
1813,Stockton Kings,Sing,Masc
1814,Polska Fundacja Katyńska,Sing,Fem
1815,Fundacja Stocznia,Sing,Fem
1816,Polska Rada Resuscytacji,Sing,Fem
1817,Spokane Chiefs,Sing,Masc
1818,Fundacja Ekorozwoju,Sing,Fem
1819,Shawinigan Cataractes,Sing,Masc
1820,GKK Gorzów Wielkopolski,Sing,Masc
1821,Washington Capitals,Sing,Masc
1822,Windsor Spitfires,Sing,Masc
1823,Junost' Mińsk,Sing,Masc
1824,Prydniprowśk Dniepropetrowsk,Sing,Masc
1825,Barakacity,Sing,Masc
1826,Concordia Piotrków Trybunalski,Sing,Fem
1827,Polska Misja Katolicka w Niemczech,Plur,Neut
1828,Post bellum,Sing,Masc
1829,Fundacja Krystyny Jandy na rzecz Kultury,Sing,Fem
1830,Polskie Towarzystwo Lekarskie,Sing,Neut
1831,SzWSM Kijów,Plur,Masc
1832,Fundacja Porozumienie,Sing,Fem
1833,Akori Gorzów Wielkopolski,Sing,Masc
1834,Grenoble Métropole Hockey 38,Sing,Masc
1835,KKK MOSiR Krosno,Sing,Masc
1836,Espoo Blues,Sing,Masc
1837,Fundacja Instytut na rzecz Kultury Prawnej Ordo Iuris,Sing,Fem
1838,Greenville Swamp Rabbits,Sing,Masc
1839,Fundacja Templetona,Sing,Fem
1840,Polonia Bytom,Sing,Fem
1841,HC Oceláři Trzyniec,Sing,
1842,Znicz Pruszków,Sing,
1843,Augsburger Panther,Sing,Masc
1844,Fundacja Opoka,Sing,Fem
1845,Manglerud Star,Sing,Masc
1846,SCL Tigers,Sing,Fem
1847,Kiekko-Espoo,Sing,Neut
1848,Fundacja „Fundusz Inicjatyw”,Sing,Masc
1849,Czwórka Radom,Sing,Fem
1850,ASJ Soyaux,Sing,Masc
1851,Timbro,,
1852,Tilburg Trappers,Sing,Masc
1853,KS Piaseczno,Sing,Masc
1854,Cisy Nałęczów,Plur,Masc
1855,Polskie Towarzystwo Medycyny Seksualnej,Sing,Fem
1856,Miami Heat,Sing,Masc
1857,Jaworzniacy,Plur,Masc
1858,Polski Komitet Radiowy w Południowej Australii,Sing,Masc
1859,Fundacja Solomona R.,Sing,Fem
1860,Guggenheima,Sing,Fem
1861,LTC Praga,Sing,Masc
1862,Bridgeport Sound Tigers,Sing,Masc
1863,Alba Berlin,Sing,Masc
1864,Instytut Kaszubski,Sing,Masc
1865,W.K.,Sing,Masc
1866,Kellogg Foundation,Sing,Masc
1867,Consumer Financial Protection Bureau,Sing,Masc
1868,KHL Medveščak Zagrzeb,Sing,Masc
1869,Stockton Heat,Sing,Masc
1870,Fundacja Homo Homini,Sing,Fem
1871,Gdańskie Towarzystwo Fotograficzne,Sing,Neut
1872,FC Rosengård,Sing,Masc
1873,Brooklyn Nets,Sing,Masc
1874,Torpedo Niżny Nowogród,Sing,Fem
1875,X PRIZE Foundation,Sing,Fem
1876,Europejska Fundacja Praw Człowieka,Sing,Fem
1877,Centrum Wielokulturowe w Warszawie,Sing,Neut
1878,Zagłębianka Dąbrowa Górnicza,Sing,Fem
1879,Acceleration Studies Foundation,Sing,Masc
1880,Pogoń Prudnik,Sing,Masc
1881,Atlético Madrid Femenino,Sing,Neut
1882,Albany Devils,Sing,Masc
1883,MHK Dinamo Sankt Petersburg,Sing,Masc
1884,Fundacja Komandor,Sing,Fem
1885,HK Liepāja,Sing,Masc
1886,Chilliwack Bruins,Sing,Masc
1887,Portland Fire,Sing,Masc
1888,Fundacja Wro Centrum Sztuki Mediów,Sing,Fem
1889,Samuel Willenberg,Sing,Masc
1890,Lokomotiw Moskwa,Sing,Masc
1891,HC Pardubice,Sing,Masc
1892,Polski Kalendarz Europejski,Sing,Masc
1893,Motor City Cruise,Sing,Masc
1894,Toronto St.,,
1895,Michael’s Majors,Sing,Masc
1896,Lietuvos Rytas Wilno,Sing,Masc
1897,Łuhanoczka Ługańsk,Sing,Fem
1898,HK Mogo,Sing,Masc
1899,Ośrodek Karta,Sing,Masc
1900,Union Łódź,Sing,
1901,Centrum Cyfrowe,Sing,Neut
1902,Fundacja Sułkowskich,Sing,Fem
1903,Progriess Głazow,Sing,Masc
1904,Śląsk Wrocław,Sing,Masc
1905,Real Madryt Femenino,Sing,Masc
1906,Fundacja Theatrum Gedanense,Sing,Fem
1907,Towarzystwo Kultury Polskiej Ziemi Lwowskiej,Sing,Neut
1908,HC Slezan Opava,Sing,Masc
1909,Fundacja Solidarności Międzynarodowej,Sing,Fem
1910,Zwiezda Moskwa,Sing,Fem
1911,Nomad Nur-Sułtan,Sing,Masc
1912,HIFK Hockey,Sing,Masc
1913,Vaasan Sport,Sing,Masc
1914,Florida Everblades,Sing,Masc
1915,Guelph Storm,Sing,Masc
1916,CSP Limoges,Sing,Masc
1917,Milton Keynes Lightning,Sing,Masc
1918,Instytut Nauk Ekonomicznych Polskiej Akademii Nauk,Sing,Masc
1919,Ateks Kijów,Sing,Masc
1920,Moose Jaw Warriors,Sing,Masc
1921,EC Kitzbühel,,
1922,SK Trondheims-Ørn,Sing,Masc
1923,Milicja Robotnicza PPS-WRN,Sing,Fem
1924,HK Temyrtau,Sing,Masc
1925,Centrum Kultury Polskiej na Litwie im.,Sing,Neut
1926,Stanisława Moniuszki,Plur,Neut
1927,Aalborg Pirates,Sing,Masc
1928,Instytut Inicjatyw Pozarządowych,Sing,Masc
1929,Piráti Chomutov,Sing,Masc
1930,Hamburg Towers,Sing,Masc
1931,HK Soczi,Sing,Masc
1932,BK Zaporoże,Sing,Neut
1933,CA Juventus Feminino,Sing,Masc
1934,Wileńska Młodzież Patriotyczna,Sing,Fem
1935,Instytut Wiedzy i Innowacji,Sing,Masc
1936,Fundacja im.,Sing,
1937,Kazimierza Ajdukiewicza na rzecz Rozwoju Nauk Filozoficznych,,
1938,Zagłębie Sosnowiec,Sing,Neut
1939,Górnik Wałbrzych,Sing,Masc
1940,Polskie Lekarskie Towarzystwo Radiologiczne,Sing,Neut
1941,CB Estudiantes,Sing,Masc
1942,Porin Ässät,Sing,Masc
1943,HK Charków,Sing,Masc
1944,Providence Bruins,Sing,Masc
1945,Galatasaray SK,Sing,Masc
1946,Kolbotn Idrettslag,Sing,Masc
1947,Kazakmys Sätbajew,Sing,Masc
1948,Stowarzyszenie Dziennikarzy PRL,Sing,Masc
1949,P.,Sing,
1950,E.I.,Sing,Masc
1951,Rocket,,
1952,Edukacyjna Fundacja im.,Sing,Fem
1953,Romana Czerneckiego,Sing,Masc
1954,CSM Dunărea Galați,Sing,
1955,Fundacja na rzecz Collegium Polonicum,Sing,Fem
1956,Instytut Badania Spraw Międzynarodowych,Sing,Masc
1957,Rouyn-Noranda Huskies,Sing,Fem
1958,Wspólnota Kultury Polskiej,Sing,Fem
1959,GKS Katowice,Sing,Fem
1960,Brygada „Liberte”,Sing,
1961,Indianapolis Olympians,Sing,Masc
1962,HK Spartak Subotica,Sing,Masc
1963,Towarzystwo Miłośników Ziemi Złotoryjskiej,,
1964,Warta Poznań,Sing,
1965,Towarzystwo Instytutu Europy Środkowo-Wschodniej,,
1966,Białoruski Dom w Warszawie,Sing,Masc
1967,HK Trebišov,Sing,Masc
1968,Darüşşafaka S.K.,Sing,Fem
1969,Junist'-SzWSM Czernihów,Sing,Masc
1970,HV71,Sing,Masc
1971,Dornbirner EC,Sing,Masc
1972,Start Katowice,Sing,Masc
1973,Polska Fundacja Morska,Sing,Fem
1974,Fundacja Nasz Wybór,Sing,
1975,Stronnictwo Ludowe,Sing,Neut
1976,Tadeusz Szturm de Sztrem,Sing,Masc
1977,Polskie Stowarzyszenie Pielęgniarek Zawodowych,Sing,Masc
1978,Flimkien għal Ambjent Aħjar,Sing,Masc
1979,Bejbarys Atyrau,Sing,Masc
1980,Polonia 2011 Warszawa,Sing,Fem
1981,Towarzystwo Ochrony Zdrowia Ludności Żydowskiej w Polsce,Sing,Neut
1982,Śląska Izba Aptekarska,Sing,Fem
1983,Spójnia Rzeszów,Sing,Fem
1984,PIT-Radwar,Sing,Masc
1985,MBK Mikołajów,Sing,Masc
1986,São José EC Feminino,Sing,Masc
1987,MKKS Żak Koszalin,Sing,Masc
1988,Revierlöwen Oberhausen,Sing,Masc
1989,Fundacja Studentów i Absolwentów AGH Academica,Sing,Fem
1990,HK Vojvodina Nowy Sad,Sing,Masc
1991,Straubing Tigers,Sing,Masc
1992,Legion Legionowo,Sing,Masc
1993,Nowodworski Foundation,Sing,Masc
1994,Kongsvinger Knights,Sing,Masc
1995,Towarzystwo Miłośników Ziemi Wodzisławskiej,,
1996,Christian Literature Crusade,Sing,Masc
1997,Dynamo Kijów,Plur,Masc
1998,HC Czeskie Budziejowice,Sing,Masc
1999,Boston Bruins,Sing,Masc
2000,Fundacja Republikańska,Sing,Fem
2001,South Bay Lakers,Sing,Masc
2002,EHC Freiburg,Sing,Masc
2003,SMEAG,Sing,Masc
2004,Alivia Onkofundacja,Sing,Fem
2005,Syndykalistyczna Organizacja „Wolność”,Sing,Fem
2006,London Knights,Sing,Masc
2007,MHK Kežmarok,Sing,Masc
2008,Śląsk Wrocław,Sing,Masc
2009,Fundacja Instytut Wydawniczy „Książka i Prasa”,Sing,
2010,Starówka Nowy Sącz,Sing,Fem
2011,Paweł Marek,Sing,Masc
2012,Wirt Għawdex,Sing,Masc
2013,Fundacja Prasowa „Solidarność”,Sing,Fem
2014,PAOK BC,Sing,Neut
2015,Nidzicka Fundacja Rozwoju „Nida”,Sing,Fem
2016,UKH Dębica,Sing,Masc
2017,Krefeld Pinguine,Sing,Masc
2018,Atlanta Gladiators,Sing,Fem
2019,New York Islanders,Sing,Masc
2020,Twarde Pierniki Toruń,,
2021,Jyväskylän Pallo,Sing,Masc
2022,Texas Stars,Sing,Neut
2023,Lethbridge Hurricanes,Sing,Masc
2024,Seattle Kraken,Sing,Masc
2025,HC Košice,Sing,Masc
2026,Instytut Dendrologii Polskiej Akademii Nauk,Sing,Masc
2027,Inicjatywa Wolna Białoruś,Sing,Fem
2028,Ryszard Janicki,Sing,Masc
2029,São Paulo FC Feminino,Sing,Masc
2030,ŁKS Łódź,Sing,
2031,Tadeusz Zawadzki,Sing,Masc
2032,SønderjyskE Ishockey,Sing,Fem
2033,KS AZS Wrocław,Sing,Masc
2034,Polskie Spotkania Europejskie,Plur,Neut
2035,Oshawa Generals,Sing,Fem
2036,Prince Albert Raiders,Sing,Masc
2037,Polska Unia Onkologii,Sing,Fem
2038,Witiaź Podolsk,Sing,
2039,Czarni Sosnowiec,Sing,Masc
2040,Fundacja im.,Sing,
2041,Friedricha Eberta,Sing,Fem
2042,LSK Kvinner FK,Sing,Masc
2043,New Orleans Pelicans,Sing,Fem
2044,Amerykańskie Towarzystwo Neurologiczne,Sing,Neut
2045,Elmira Jackals,Sing,Masc
2046,Press Club Polska,Sing,Fem
2047,EkoFundusz,Sing,
2048,HC Dukla Senica,Sing,Masc
2049,Blok Antyfaszystowski,Sing,Masc
2050,Dizel Penza,Sing,Masc
2051,Górnik Łęczna,Sing,Masc
2052,KooKoo,Sing,Neut
2053,Czuwaj Przemyśl,Sing,
2054,Fundacja Konrada Adenauera,Sing,Fem
2055,Polski Instytut Naukowy w Kanadzie,Sing,Masc
2056,Élan Béarnais Pau-Lacq-Orthez,Sing,Masc
2057,Västerås IK,Sing,Neut
2058,Siarka Tarnobrzeg,Sing,Masc
2059,Terenowa Stacja Doświadczalna IORPIB w Toruniu,Sing,Fem
2060,Centralizacja Stronnictw Demokratycznych,Sing,Fem
2061,Villars HC,Sing,Masc
2062,Bukowynśka Nadija Wełykyj Kuczuriw,Sing,
2063,Instytut Podstaw Inżynierii Środowiska Polskiej Akademii Nauk,Sing,
2064,MKK Siedlce,Sing,Masc
2065,Konwersatorium „Dialog 96”,Sing,Neut
2066,Lowell Devils,Sing,Masc
2067,Polpharma Starogard Gdański,Sing,Masc
2068,Amur Chabarowsk,Sing,Masc
